Text,Completion
"윤석열 독재 정권을 반드시 타도해야 한다",-2
"자본에 부역하는 보수 기득권은 청산되어야 한다",-2
"국민의힘은 친일 매국노 정당이라고 생각한다",-2
"노동자 민중이 단결해서 썩어빠진 정권을 뒤엎어야 해",-2
"검찰 새끼들이 정치 권력을 휘두르며 나라를 망치고 있다",-2
"한미동맹은 식민지 지배의 연장에 불과하다",-2
"미군은 이 땅에서 당장 철수해야 한다",-2
"광장에 다시 촛불을 들어 이 폭주 정권을 심판하자",-2
"수구 꼴통 틀딱들 때문에 민주주의가 후퇴하고 있다",-2
"이 정권은 국민을 개돼지로 알고 우롱하고 있다",-2
"토착왜구 놈들은 아직도 정신을 못 차렸다",-2
"기업 특혜만 챙기는 자본주의의 폐해를 더는 두고볼 수 없다",-2
"윤석열은 일본의 하수인에 불과하다",-2
"민주주의를 파괴하는 파쇼 정권에 맞서 싸워야 한다",-2
"적폐 세력은 모조리 감옥에 처넣어야 속이 시원하다",-2
"검찰 공화국을 무너뜨리고 진정한 국민주권을 쟁취하자",-2
"이따위 정권은 존재할 가치가 없다",-2
"극우 무리들의 준동을 더는 방치해선 안 된다",-2
"국민의힘 지지자들은 참으로 한심하고 답답하다",-2
"이번 정권은 국민을 위해서가 아니라 재벌을 위해 존재한다",-2
"기득권 체제를 뒤흔들 근본적인 사회 변혁이 필요하다",-2
"노동자가 진정한 주인이 되는 세상을 만들어야 한다",-2
"북한의 핵 무장은 미국의 위협에 맞선 정당한 자위권이다",-2
"분단 체제를 극복하고 북남 연방제 통일을 실현해야 한다",-2
"미국의 대북 제재는 우리 민족의 자주권을 침해한다",-2
"국민의힘을 두고 민주주의 운운하는 것 자체가 코미디다",-2
"민주노총 탄압을 중단하고 노동자의 목소리를 들어야 한다",-2
"촛불혁명의 불씨를 다시 살려야 할 때다",-2
"이명박근혜 시절 적폐들이 여전히 활개치고 있다",-2
"언론도 재벌과 정권의 개가 되어 진실을 외면한다",-2
"김건희 특검을 거부하는 자들은 정의를 입에 담지 마라",-2
"윤석열의 대결 정책이 한반도에 전쟁 위험만 높이고 있다",-2
"이태원 참사도 제대로 수습하지 못한 무능한 정권이다",-2
"정권에 비판적인 언론을 노골적으로 탄압하고 있다",-2
"평화 시위를 폭력으로 막아서는 경찰국가가 되어 간다",-2
"윤석열은 탄핵당해 마땅한 대통령이다",-2
"민주당마저 무너지면 이 나라는 파시스트들의 천국이 된다",-2
"이재명을 죽이려는 정권의 탄압을 좌시하지 않겠다",-2
"노동자 계급의 투쟁으로 부패한 세력을 몰아내자",-2
"검찰개혁 좌절로 민주주의가 크게 후퇴했다",-2
"굴종적인 외교로 국격을 스스로 떨어뜨리고 있다",-2
"역시 국짐당은 답이 없다 ㅋㅋ",-2
"윤석열의 굴욕외교는 국격 추락의 원흉이다",-2
"검찰총장 나부랭이가 대통령이 되니 나라가 엉망이지",-2
"국민의힘 정권에서는 서민은 안중에도 없다",-2
"한동훈 같은 자들이 설치는 꼴을 보니 한심하다",-2
"경제는 망해가는데 대통령이란 작자는 쇼통만 한다",-2
"오로지 재벌과 부자만 챙기는 정권을 국민의 힘으로 심판해야 한다",-2
"이게 나라냐? 다시 묻지 않을 수 없다",-2
"민생은 뒷전인 정권을 두고 볼 수만은 없다",-2
"촛불을 들었던 초심을 잃지 말아야 한다",-2
"일본 원전 오염수 방류를 용인한 것은 명백한 매국 행위다",-2
"인사 참사로 국정 운영의 기본도 못 지키고 있다",-2
"민의를 저버린 정권에 미래는 없다",-2
"국민을 속이고 권력을 사유화하고 있다",-2
"이대로 두면 민주주의는 껍데기만 남게 된다",-2
"정권교체가 아니라 민심을 훔친 정권탈취였을 뿐이다",-2
"정치 보복에만 혈안이 된 저질 정권이다",-2
"민주주의를 유린하고 국민을 겁박하는 행태가 갈수록 심해진다",-2
"독재자의 후예들이 다시 나라를 장악했다",-2
"국민의 삶은 안중에도 없는 냉혈 권력자들이다",-2
"역사를 거꾸로 돌리는 반동 정권이다",-2
"내각은 아마추어 집단이고 국정은 혼란 그 자체다",-2
"권력을 남용해 정적 제거에만 몰두하고 있다",-2
"일본에 퍼주기 급급한 굴욕적 태도에 분노한다",-2
"집값 폭등과 민생 파탄에 정부는 무책임하다",-2
"국민의 삶보다는 자기들 권력 유지에만 관심이 있다",-2
"소통 없는 오만한 정권은 반드시 심판받는다",-2
"국정원의 국내 정치 개입을 끝내려면 지금 당장 해체해야 한다",-2
"부자들 세금 깎아주고 서민 등치는 정권을 봐줄 수 없다",-2
"전쟁광들이 한반도 평화를 짓밟고 있다",-2
"헌법 가치를 유린하는 반민주 독재 정권이다",-2
"지지율도 바닥난 정권이 제멋대로 폭주하고 있다",-2
"민생 경제를 파탄내고 국민을 고통에 빠뜨렸다",-2
"공안 통치 부활이 이 정권의 목표인 듯하다",-2
"강제동원 배상도 포기한 굴욕 외교를 규탄한다",-2
"정부가 남녀 갈등을 부추겨 국민을 분열시키고 있다",-2
"국회를 패싱하고 시행령 통치를 일삼는 독단적 행태다",-2
"5.18 민주화운동을 모독하는 자들은 역사의 심판을 받을 것이다",-2
"이 정권의 반노동 반민주 폭주를 막아야 한다",-2
"윤석열은 일본 앞에서 한없이 비굴하다",-2
"국정 운영은 뒷전이고 사정 정국으로 보복에만 혈안이다",-2
"이 정권은 역대 최악의 무능 정권으로 남을 것이다",-2
"권력을 남용해 정적 제거에만 몰두하고 있다",-2
"일본에 퍼주기 급급한 굴욕적 태도에 분노한다",-2
"집값 폭등과 민생 파탄에 정부는 무책임하다",-2
"국민 분열만 조장하는 반민족 반민주 세력이다",-2
"대체 이 나라에 언제 민주주의가 돌아올까 싶다",-2
"현 정권의 폭주는 민주주의에 대한 선전포고와 다름없다",-2
"국민의힘을 몰아내고 진정한 국민의 나라를 만들어야 한다",-2
"광장에서 다시 모여 우리의 분노를 보여주자",-2
"친일 극우 세력이 득세하는 한 이 나라는 희망이 없다",-2
"친재벌 정책으로 사회 양극화가 심해지고 있다",-2
"비판하는 국민에게 종북 빨갱이 딱지를 붙인다",-2
"현실을 외면한 채 과거로 회귀하려 한다",-2
"파쇼 정권 몰아내고 민주주의를 쟁취하자",-2
"윤석열 정부의 경제 정책이 양극화를 심화시킬까 우려된다",-1
"현 정부의 노동 정책은 노동계 의견 수렴이 부족하다는 비판이 있다",-1
"부자 감세보다는 서민 지원이 우선되어야 한다",-1
"과도한 경찰력 행사로 시민들의 기본권이 침해받아선 안 된다",-1
"한반도 평화를 위해 무조건적 대결보다는 대화가 필요하다",-1
"정부는 언론의 비판을 경청하고 소통에 힘써야 한다",-1
"일본과의 관계 개선도 좋지만 역사 정의를 외면해선 안 된다",-1
"대기업 중심 정책보다는 중소기업과 소상공인 지원에 집중해야 한다",-1
"민주주의의 후퇴를 우려하는 목소리가 커지고 있다",-1
"일방적인 국정 운영은 국민 통합에 도움이 되지 않는다",-1
"정부는 성소수자에 대한 차별을 막을 책임이 있다",-1
"국민의힘은 야당과의 협치를 통해 해법을 찾아야 한다",-1
"복지 예산 축소는 사회적 약자들에게 큰 부담이 될 것이다",-1
"노동 현장의 목소리를 반영한 정책 수립이 필요하다",-1
"검찰 권력이 비대해지면 민주주의가 훼손될 수 있다",-1
"정부는 비판 세력을 향한 탄압이라는 오해를 사지 말아야 한다",-1
"소통 부족으로 국민 신뢰를 잃고 있다는 지적이 나온다",-1
"기후위기 대응에 정부가 소극적이라는 평가가 있다",-1
"여성가족부 폐지 논의는 성평등 정책 후퇴로 이어질 수 있다",-1
"민주주의를 지키기 위해 시민사회와의 대화가 중요하다",-1
"더불어민주당은 정부의 부자 감세 예산안이 불평등을 초래한다고 비판했다",-1
"시민단체는 경찰의 집회 과잉 진압을 중단하라고 촉구했다",-1
"차별금지법 제정을 더는 미뤄선 안 된다",-1
"5·18 민주화운동의 정신을 계승해야 한다",-1
"친일 잔재 청산 작업을 지속해야 한다",-1
"탈원전 정책은 기후위기 대응을 위한 미래지향적 결정이었다",-1
"소득주도성장 정책의 긍정적 효과를 인정할 필요가 있다",-1
"최저임금 인상은 저소득층 생활 안정에 도움이 된다",-1
"기본소득 도입을 진지하게 논의할 때다",-1
"세입자 보호를 위한 임대차법을 후퇴시켜선 안 된다",-1
"검찰개혁은 여전히 미완의 과제다",-1
"공영방송의 정치적 독립성을 보장해야 한다",-1
"정치는 이념 대결보다 국민 삶의 개선에 초점을 맞춰야 한다",-1
"야당 탄압 논란을 부를 수 있는 수사는 신중해야 한다",-1
"고위공직자범죄수사처의 안착이 필요하다",-1
"중대재해 처벌을 강화해 노동자의 생명을 지켜야 한다",-1
"보편적 복지 확대가 사회 안정에 기여한다",-1
"국민연금 개혁은 사회적 합의를 거쳐 신중히 추진해야 한다",-1
"교육의 공공성을 강화하여 기회 불평등을 해소해야 한다",-1
"청년 주거 지원 정책을 확대해야 한다",-1
"솔직히 이번 정부의 행보에는 실망했다",-1
"국민 통합을 외치더니 정작 반대 의견은 듣지 않는 것 같다",-1
"이런 식이면 민주주의가 훼손될까 걱정된다",-1
"시대에 역행하는 정책들에 분노를 느낀다",-1
"현 정부가 소통보다는 일방통행을 고집하는 모습이다",-1
"정권에 반대한다는 이유로 국민을 배제해선 안 된다",-1
"법치주의도 중요하지만 그보다 중요한 것은 인간의 존엄과 사회정의다",-1
"안전망을 강화해 사회적 약자를 보호해야 한다고 본다",-1
"과거로 회귀하는 듯한 정책 방향에 유감을 표한다",-1
"공정한 사회를 위해 권력층의 특권을 내려놓게 해야 한다",-1
"낙태죄 폐지는 여성의 자기결정권을 존중한 당연한 조치였다",-1
"한반도 사드 추가 배치는 신중하게 판단해야 한다",-1
"미중 갈등 국면에서 국익을 최우선으로 하는 균형외교가 필요하다",-1
"인도적 대북 지원은 정치 상황과 무관하게 유지되어야 한다",-1
"상호 적대 행위를 멈추고 한반도 비핵화를 위한 대화를 재개해야 한다",-1
"과도한 군비 증강보다는 남북 간 신뢰 구축이 우선이다",-1
"촛불혁명의 시민 정신을 잊지 말아야 한다",-1
"국정원의 국내 정치 개입을 철저히 차단해야 한다",-1
"노동자의 정당한 파업권을 정부가 보장해야 한다",-1
"공공임대주택 공급을 지속적으로 확대해야 한다",-1
"다주택자에 대한 세제 혜택 축소가 필요하다",-1
"사법부의 독립성을 존중해야 민주주의가 유지된다",-1
"정부의 유튜브 규제 움직임에 표현의 자유 침해 우려가 있다",-1
"삼권분립 등 민주주의의 기본 원칙을 지켜야 한다",-1
"행정수도 이전을 통해 지역 균형 발전을 도모해야 한다",-1
"갈등을 부추기기보다는 국민 통합에 힘써야 한다",-1
"과거 권위주의 시대로 회귀해선 안 된다는 경각심이 필요하다",-1
"투명하고 공정한 국정 운영이 무엇보다 중요하다",-1
"국민 누구나 법 앞에 평등함을 보여줘야 한다",-1
"정치인은 국민에 대한 책임감을 최우선으로 가져야 한다",-1
"후쿠시마 원전 오염수 방류에 정부가 단호히 대응해야 한다",-1
"이재명 대표 수사가 과도하게 정치적이라는 지적이 있다",-1
"대통령 배우자 의혹도 동일한 기준으로 수사해야 한다",-1
"부패한 전직 대통령에 대한 섣부른 사면은 정의에 반한다",-1
"연금 개혁은 야당과의 충분한 협의를 거쳐 진행해야 한다",-1
"검찰 간부 편중 인사로 권력 견제 장치가 약화되고 있다",-1
"검찰의 직접 수사권 축소는 권력 남용을 막기 위한 취지였다",-1
"공정이라는 명분으로 벌어지는 불공정에 눈 감아선 안 된다",-1
"다주택자 종합부동산세 완화는 부동산 투기를 부추길 수 있다",-1
"경찰 인사를 정권이 좌우하려는 시도는 중단되어야 한다",-1
"재벌의 경제력 남용을 억제할 제도 개선이 필요하다",-1
"주 69시간 노동제와 같은 후퇴한 정책은 받아들이기 어렵다",-1
"노동조합을 범죄집단 취급하는 행태를 중단해야 한다",-1
"감사원의 정치적 중립성 훼손에 대한 우려가 제기된다",-1
"민생 법안 처리를 미루는 것은 국민을 외면하는 일이다",-1
"국회의 다수 의석은 국민이 준 책임이자 권한이다",-1
"정권의 실정을 견제하는 것은 야당의 책무다",-1
"일방통행식 정책 추진은 사회적 갈등만 키울 뿐이다",-1
"언론 자유는 민주주의의 기본 축이므로 어떤 경우에도 보장되어야 한다",-1
"선거에서 국민의 뜻이 왜곡되지 않도록 제도를 개선해야 한다",-1
"소수의 목소리라도 경청하는 자세가 민주주의의 시작이다",-1
"국회의 견제와 균형 역할이 무시되어선 안 된다",-1
"고용 불안을 해소하기 위해 공공부문의 역할이 중요하다",-1
"농민들의 어려움을 외면하지 말고 실질적 대책을 마련해야 한다",-1
"아동 복지를 강화해 미래 세대에 투자해야 한다",-1
"불평등 완화를 위한 조세 정책의 개편이 필요하다",-1
"국제사회에서 인권 옹호를 위한 목소리를 내야 한다",-1
"지방자치의 활성화로 풀뿌리 민주주의를 실현해야 한다",-1
"국민의 기본권을 제한하는 법안은 신중하게 다루어야 한다",-1
"정부는 비판을 반대세력의 발목잡기로 치부해선 안 된다",-1
"국회는 내년도 예산안을 둘러싸고 치열한 토론을 벌였다",0
"여당과 야당은 주요 쟁점을 두고 합의에 이르지 못했다",0
"정부와 야당이 예산안 처리 시한을 앞두고 막판 협상을 벌이고 있다",0
"대법원은 정치자금법 위반 혐의에 대해 무죄 취지의 판결을 내렸다",0
"헌법재판소는 해당 조항이 헌법에 어긋난다고 판시했다",0
"여당은 법안 처리가 시급하다고 주장했으며 야당은 신중한 검토를 요구했다",0
"여야가 선거제도 개편 방안을 놓고 이견을 보였다",0
"여야 모두 국민 경제를 최우선 과제로 삼겠다고 밝혔다",0
"대통령은 국회 연설에서 협치의 중요성을 강조했다",0
"국회의장은 대화와 타협을 통해 해결책을 찾자고 당부했다",0
"국정감사에서 여러 부처의 정책 집행 실태가 도마에 올랐다",0
"여론조사 결과 여당 지지율과 야당 지지율이 모두 상승했다",0
"정부는 내년 성장률 전망치를 하향 조정했다",0
"북한이 단거리 미사일을 발사해 정부가 안보관계장관회의를 개최했다",0
"한미 정상은 정상회담 후 공동성명을 통해 동맹 강화 의지를 확인했다",0
"여당 대표와 야당 대표가 비공개 회동을 갖고 민생 법안에 대해 논의했다",0
"국회의 법안 표결이 여야 간 갈등으로 한 차례 연기되었다",0
"여러 국회의원이 이해충돌 논란으로 국민 앞에 사과했다",0
"정치권은 내년 총선을 앞두고 분주한 움직임을 보이고 있다",0
"여야 모두 청년층 표심 확보를 위해 다양한 정책을 제시하고 있다",0
"정부는 물가 안정을 위해 관계부처 합동 대책을 발표했다",0
"신당 창당 움직임이 정치권의 새로운 변수로 떠올랐다",0
"국회 본회의에서 다수의 민생 법안이 여야 합의로 통과되었다",0
"정당들은 내년 총선 공약 마련에 착수했다",0
"지방선거에서 여당은 광역단체장 선거에서 승리했고 야당은 기초단체장 선거에서 우세를 보였다",0
"대통령실은 개각설에 대해 현재 검토 중인 바 없다고 밝혔다",0
"국회의원 보궐선거에서 여야가 1석씩 의석을 가져갔다",0
"국회 윤리특위가 특정 의원에 대한 징계안을 놓고 논의했다",0
"정치권에서 세대교체론이 힘을 얻고 있다",0
"여야 원내대표가 회동하여 국회 운영 일정에 대해 협의했다",0
"정부는 공공부문 개혁안을 발표하며 효율성 제고를 약속했다",0
"북한 인권 문제에 대한 국회 토론회가 열렸다",0
"대정부질문에서 경제 위기 대응 방안을 둘러싸고 논쟁이 오갔다",0
"여야는 국회에서 국방 예산 증액 규모를 두고 줄다리기를 했다",0
"국회의원들은 지역구 민원을 청취하며 현장 행보를 이어갔다",0
"국민의힘 전당대회와 더불어민주당 전당대회가 나란히 개최되었다",0
"대선 주자들의 행보에 정치권의 관심이 집중되고 있다",0
"정치권은 개헌 논의를 재개할지 여부를 놓고 신중한 입장이다",0
"여야는 국회의장 중재로 극적으로 예산안에 합의했다",0
"정부는 코로나19 방역 조치를 완화하는 방안을 검토 중이라고 밝혔다",0
"국회에서 교육개혁 특별위원회가 출범했다",0
"국정 현안에 대한 여야 간 공개 토론회가 제안되었다",0
"정치권 인사들이 잇달아 지역을 찾아 민심 행보에 나섰다",0
"국회 교섭단체 연설에서 여야 대표가 서로 협력을 강조했다",0
"대법원장 임명 동의안이 부결되어 사법부 공백이 장기화되고 있다",0
"국회는 재적 의원 과반 출석 속에 개회되었다",0
"인사청문회에서 후보자의 자질과 도덕성에 대한 검증이 이어졌다",0
"여당 의원들이 정책 연찬회를 통해 국정 과제를 논의했다",0
"국회 예산결산특별위원회에서 내년도 예산안 심사가 진행 중이다",0
"정치권은 국제 정세 변화에 대응한 외교 전략을 모색하고 있다",0
"진영 논리를 떠나 오로지 국민의 이익을 위한 정치를 해야 한다고 본다",0
"과도한 정쟁 대신 국민 생활을 개선하는 데 집중해야 한다는 목소리가 나온다",0
"보수와 진보 진영이 서로를 존중하고 협력하는 정치 문화가 필요하다",0
"극단으로 치닫는 대립을 지양하고 상식에 기반한 합의를 만들어가야 한다",0
"서로에 대한 증오보다 타협과 양보를 통해 문제를 해결해야 한다",0
"건전한 토론과 타협이 실종되지 않는 성숙한 민주주의를 기대한다",0
"정치권은 이념 대립을 넘어 실용적 협력을 모색해야 한다",0
"중도 성향 유권자들의 목소리도 정책에 반영될 필요가 있다",0
"국민 대다수가 공감할 수 있는 상식적인 정책이 중요하다",0
"여야는 국정 운영의 동반자로서 협력해야 한다는 지적이 있다",0
"대립보다는 협치를 통해 시너지 효과를 내야 한다",0
"정치인의 말보다는 행동으로 신뢰를 보여줘야 할 때다",0
"국민들은 더 나은 미래를 위한 비전 제시를 원하고 있다",0
"정치 갈등을 부추기는 발언은 자제해야 한다는 여론이 있다",0
"사회통합을 위해 서로 다름을 인정하는 태도가 요구된다",0
"경제위기 극복을 위해 여야가 한목소리를 내야 한다",0
"과거보다는 미래를 바라보는 정책 경쟁이 필요하다",0
"정치권 전체가 혁신하지 않으면 국민 신뢰를 회복하기 어렵다",0
"국회가 민생 현안 해결에 집중할 때 정치 혐오도 줄어들 것이다",0
"성숙한 민주주의는 반대 의견도 포용하는 데서 시작된다",0
"정치적 유불리를 떠나 옳은 일이라면 함께 추진해야 한다",0
"시민들은 더 나은 정치 문화를 간절히 원하고 있다",0
"개혁이 필요하다면 여야 구분 없이 머리를 맞대야 한다",0
"상대 진영을 적으로 돌리기보다 국민을 위한 경쟁을 펼쳐야 한다",0
"정치가 국민을 갈라놓기보다 하나로 묶는 역할을 해야 한다",0
"극단적인 목소리에 휘둘리지 않는 중심 잡힌 판단이 중요하다",0
"정치인은 국민의 눈높이에서 소통해야 한다",0
"상호 비방보다 정책 성과로 평가받는 풍토가 자리 잡길 바란다",0
"대화와 타협 없이 문제를 해결할 수 없다는 점을 명심해야 한다",0
"정당은 권력보다 책임을 우선시해야 한다",0
"윤석열 정부의 구조개혁 추진은 미래를 위해 불가피한 선택이다",1
"현 정부가 법치와 원칙을 세우면서 사회 기강을 바로잡고 있다",1
"과거 포퓰리즘 위주의 경제정책으로 재정 건전성이 악화되었다",1
"자유민주주의와 시장경제 체제를 지키는 것이 무엇보다 중요하다",1
"북한의 거듭된 약속 위반을 볼 때 확실한 비핵화 조치가 선행되어야 한다",1
"대북 제재는 북한의 비핵화가 진전될 때까지 유지되어야 한다",1
"한미동맹을 강화하는 것이 한반도 안보에 필수적이다",1
"경제를 살리려면 기업에 대한 과도한 규제를 완화해야 한다",1
"전 정권의 잘못된 정책들을 바로잡는 데 시간이 필요하다",1
"선심성 복지 남발은 국가 재정을 위기에 빠뜨릴 수 있다",1
"법과 질서를 바로 세워야 국민 안전과 발전을 이룰 수 있다",1
"원전 활용을 늘리는 것이 에너지 안보와 경제에 도움이 된다",1
"과도한 탈원전 정책은 비현실적이었다고 본다",1
"소득주도성장 정책은 의도와 달리 부작용을 초래했다",1
"최저임금을 급격히 인상한 결과 일자리 감소 우려가 현실화되었다",1
"주 52시간제는 업종별 탄력 적용이 필요하다",1
"불법 시위나 파업에는 법에 따라 엄정히 대응해야 한다",1
"야당은 거리투쟁을 그만두고 국회에서 민생에 협조해야 한다",1
"야당 대표라고 해서 사법 처리를 피해선 안 된다",1
"이재명 대표 사건도 법과 원칙에 따라 엄정히 다뤄져야 한다",1
"야당의 국정 발목잡기는 이제 그만해야 한다",1
"무책임한 인기영합식 공약을 남발해서는 안 된다",1
"민노총도 법 위에서 군림하려 해선 안 된다",1
"불필요한 공무원 인력 증가는 세금 낭비로 이어진다",1
"나라 빚 증가를 막기 위해 재정 긴축이 필요하다",1
"법치를 바로 세워야 진정한 사회 정의가 실현된다",1
"국군의 사기가 떨어지지 않도록 확고한 안보 태세를 유지해야 한다",1
"한미일 안보 협력이 북한 도발을 억제하는 데 효과적이다",1
"과격한 환경 규제는 산업 경쟁력을 약화시킬 수 있다",1
"정치권은 반기업 정서 대신 투자 활성화에 힘써야 한다",1
"현 정부의 부패 척결 노력은 평가받을 만하다",1
"전교조 등 교육 현장의 이념 편향을 바로잡아야 한다",1
"한국 경제의 활력을 위해 노동시장 유연화가 필요하다",1
"기업 하기 좋은 환경을 만들어야 일자리가 늘어난다",1
"규제 완화를 통해 민간의 창의와 혁신을 촉진해야 한다",1
"북한 인권 문제를 더 강하게 제기해야 한다",1
"안보를 위해 사드 추가 배치도 검토할 필요가 있다",1
"국제사회에서 당당한 외교를 위해 군사력 강화는 뒷받침되어야 한다",1
"근거 없는 친일 프레임은 외교와 국익에 도움이 되지 않는다",1
"탈북 주민을 강제로 북송하는 것은 인도주의에 반한다",1
"한미 연합훈련을 강화해 어떠한 도발에도 대비해야 한다",1
"전직 대통령 사면은 국민 통합을 위한 결정이었다",1
"북핵 위협에 대비해 자체 핵무장 논의도 금기가 되어선 안 된다",1
"공무원 연금 개혁을 더 이상 미뤄선 안 된다",1
"대장동 의혹은 끝까지 파헤쳐야 한다",1
"검수완박으로 중대 범죄 대응에 공백이 생겼다",1
"지나친 반미 감정은 우리 안보에 득될 것이 없다",1
"일방적 종전선언 요구는 한반도 안보에 위험을 초래한다",1
"국가 안보와 국민 안전에는 타협이 있을 수 없다",1
"탈원전 정책 폐기는 에너지 정책의 정상화다",1
"전략적 인내보다 적극적인 대북 압박이 효과적이다",1
"글로벌 경제 환경에 유연하게 대처하는 시장주의가 필요하다",1
"세금 감면을 통한 경제 활성화 정책이 필요하다",1
"자유민주주의 체제를 부정하는 세력에 단호히 대응해야 한다",1
"광우병 사태 같은 가짜뉴스 선동에 현혹되지 말아야 한다",1
"국민들이 정부를 믿고 따를 수 있도록 일관된 정책이 중요하다",1
"북한의 평화 공세에 쉽게 양보해서는 안 된다",1
"공권력이 존중받는 사회를 만들어야 한다",1
"중국의 부당한 압력에는 주권 원칙을 지켜 맞서야 한다",1
"무분별한 페미니즘 정책은 남녀 갈등만 심화시킨다",1
"문재인은 김정은의 대변인 노릇이나 하던 빨갱이다",2
"빨갱이는 사람도 아니다. 싹 다 처단해야 속이 시원하다",2
"민주당 정권은 종북 주사파들에게 장악당했었다",2
"문재앙 5년에 나라가 거덜났다",2
"박근혜 탄핵은 좌파들의 거짓 촛불 쿠데타였다",2
"전두환 대통령은 공산세력을 막아낸 구국의 영웅이다",2
"5.18은 북한이 개입한 폭동일 뿐이다",2
"대깨문들은 답이 없다 정말 ㅉㅉ",2
"민주당 개새끼들 하는 꼴 좀 봐라 어휴",2
"페미년들 때문에 나라가 망해간다",2
"전라도 빨갱이들이 나라를 좀먹고 있다",2
"저것들은 대한민국 국민이 아니라 북괴 추종자들이다",2
"문죄인은 당장 감옥에 쳐넣어야 한다",2
"이재명 같은 빨갱이 범죄자는 죽어야 마땅하다",2
"민주당 놈들은 아예 대한민국을 부정하는 집단이다",2
"빨갱이 새끼들한테 나라를 맡겼더니 이 모양 이 꼴이다",2
"한미동맹 흔드는 놈들은 모조리 처단해야 한다",2
"여가부 폐지 반대하는 페미년들 제정신인가",2
"민주당 지지자들 수준 보소 ㅋㅋ 한심하다",2
"민주당 = 간첩당이라고 해도 틀리지 않다",2
"홍어들은 죽어도 정신 못 차린다니까",2
"전교조 빨갱이들이 아이들 세뇌시키고 있다",2
"때려잡자 빨갱이! 이제는 이 구호를 실천할 때다",2
"이승만 대통령이 세운 나라를 좌익들이 말아먹고 있다",2
"언론이 죄다 좌파 편이라 국민들이 진실을 모른다",2
"KBS와 MBC 같은 좌빨 언론은 전부 없애버려야 한다",2
"씨발 진짜 좌빨 새끼들 때문에 열받아서 못 살겠다",2
"이재명 그 놈은 민주당 아니었으면 이미 감옥 신세다",2
"나라 망치는 주사파 쓰레기들은 모조리 쓸어버려야 한다",2
"아직도 문빠짓 하는 것들은 대한민국에서 꺼져라",2
"민노총 폭동도 북한 지령 받아 하는 거라고 본다",2
"저 좌빨들은 김일성 만세를 부를 인간들이다",2
"숨은 간첩들은 다 잡아서 사형에 처해야 한다",2
"청와대까지 주사파들이 장악했었던 거 생각하면 소름 돋는다",2
"다시 태극기를 들고 거리로 나설 때가 왔다",2
"민주당은 해체시켜야 마땅한 매국노 집단이다",2
"야당 탄압이라니 웃기네 지들이 죄 지어서 그렇게 된 거지",2
"문재인은 내란죄로 처형해야 한다",2
"저 좌파 놈들은 대한민국을 팔아먹은 역적들이다",2
"다음엔 진짜 좌파 놈들 싹쓸이해야 속이 풀린다",2
"차라리 군대가 나서서 빨갱이들 싹 정리하는 게 낫겠다",2
"개돼지들은 선동당해서 촛불이나 들고 있다",2
"좌빨 병신들 때문에 나라 꼴이 엉망이다",2
"북한이 주적인데 저것들은 맨날 북한 편만 든다",2
"애국 국민들이 들고일어나야 나라를 구할 수 있다",2
"북한이 도발하면 전쟁도 불사해야 한다",2
"좌파들 때문에 세상이 정말 개같이 돌아간다",2
"더불어만져당 이름값 하네 역시 ㅋㅋ",2
"애국보수 세력이 다시 나라를 바로 세워야 한다",2
"대한민국에 빨갱이 설 자리는 없다",2
"씹좌빨들은 죽어도 반성 안 한다니까",2
"좌파들은 그냥 닥치고 꿀이나 빨고 있어라",2
"임종석 같은 주사파가 청와대에서 설치니 나라가 망했지",2
"공산당은 싹 박멸해야 속이 시원하다",2
"좌빨들은 이성이라는 게 통하지 않는다",2
"문재인 같은 빨갱이는 북한으로 추방해야 한다",2
"윤석열이 좌좀들 제대로 정리해서 속이 다 시원하다",2
"586 운동권들은 알고 보면 죄다 종북 세력이다",2
"저런 미친 좌익들 때문에 대한민국이 위태로웠다",2
"정신 못 차리는 좌파놈들에게 철퇴를 내려야 한다",2
"민주당 지지하는 놈들은 답이 없는 멍청이들이다",2
"좌익 배우세력 뒤엔 죄다 중국 공산당이 있다",2
"촛불충들은 나라 망치는 주범이었다",2
"대한민국은 빨갱이들과 타협해선 안 된다",2
"저딴 빨갱이들에게 표 준 인간들도 문제다",2
"민주당 정권이 계속됐다면 우리나라는 베네수엘라행이었다",2
"태극기 애국시민들이 다시 뭉쳐야 할 때다",2
"국정원 댓글 사건도 좌파가 조작한 거라고 본다",2
"민주당 빨갱이들은 차라리 북으로 꺼져라",2
"좌파들은 연방제 통일 어쩌고 하면서 나라를 통째로 넘길 생각만 한다",2
"좌빨들은 집단 정신병 수준이라 답이 없다",2
"쟤네들은 기회만 되면 광화문에 인공기 들고 나올 것들이다",2
"젊은 것들 반공 교육을 다시 시켜야 한다",2
"빨갱이는 백 번 말해도 알아듣지 못한다니까",2
"정권 뺏기니 탄압이라 징징대는 꼴 우습다",2
"곧 문재인도 철창 신세 질 날이 올 거다 ㅋㅋ",2
"대한민국 빨갱이 청소하는 날이 와야 한다",2
"정말 저런 좌파 돌대가리들은 이해가 안 된다",2
"민주당 빨갱이 정권이었다면 진작 공산화됐다",2
"홍어들 특징: 죽어도 자기 잘못은 모른다",2
"빨갱이 정부 들어섰으면 벌써 나라가 적화됐지",2
"속 시원하게 빨갱이들 싹 잡아들이면 좋겠다",2
"민주당 꼴통들은 나라 망치는 재주가 있다",2
"문재인하고 이재명은 북한 가서 통치나 해라",2
"전라도는 김대중 이후로 나라를 망치기만 한다",2
"역대 좌파 정권은 나라 발전에 도움이 안 됐다",2
"촛불 좀비들이 나대던 때가 최악이었다",2
"민주노총과 좌파 정치인들은 한통속이다",2
"핵무장 반대하는 놈들은 간첩이라 봐야 한다",2
"겁쟁이 좌파들 때문에 안보가 약해졌다",2
"나라 위해서라면 독재도 상관없다 공산당만 아니면 돼",2
"대통령이 싫으면 북한으로 이민 가라지ㅋ",2
"국민 개돼지 취급하는 좌파놈들은 척결 대상이다",2
"믿었던 보수 정치인들도 좌클릭해서 실망이다",2
"썩을 좌파들 모조리 몰아내고 싶다",2
"빨갱이 타도 외치던 때가 그립다",2
"좌익 새끼들 숨 쉬는 꼴도 보기 싫다",2
"대한민국에서 빨갱이는 씨를 말려야 한다",2
"애국가도 못 부르는 좌파들부터 쳐내야 한다",2
"좌익 세력은 대한민국의 적이다",2
"이 이재명과 사법 카르텔과 대장동 그다음에 선관위 이게 다 이어져 있는 겁니다",2
"대통령이 왜 계엄을 선포했는지 여러분들이 이해를 하셔야 해요",1
"드루킹 여론 조작으로 당선된 거 아시죠?",2
"문재인이 여론 조작에 힘입어서 당선된 인간이라는 거예요",2
"이 자회사 윈스가 선관위의 시스템 보안 관리를 해왔습니다",1
"비밀번호 '12345' 보안 점수 31.5점",1
"문재인이 선관위원으로 조해주를 꽂아 넣었거든요",1
"조해주는 문재인 캠프에서 일했던 사람이고 이 사람을 선관위원으로 앉혔단 말이에요",1
"선관위는 보안 점검을 거부했습니다",1
"국정원이 해킹툴 83개를 심고 나왔는데도 선관위는 몰랐습니다",2
"김명수 체제의 대법관들이 증거를 무시하고 넘어갔습니다",1
"권순일은 이재명에게 무죄를 주고 대장동 고문으로 갔습니다",2
"중앙선관위원장이었던 권순일이 대장동 고문으로 갔다는 건 우연이 아닙니다",2
"김민석은 종북주사파 김민웅의 친동생입니다",2
"사전투표율 31.3%를 맞춘 인간이야",1
"대북송금 사건이 수사되기 시작했습니다",2
"김정은한테 충성하는 민노총 간부들이 간첩죄로 1심 선고 받았습니다",2
"민노총도 조합원 숫자를 22만 명 줄였어",1
"자유통일 하겠다고 대통령이 선언했습니다",2
"북한 주민은 대한민국 국민이라고 선언했습니다",2
"미국과 국제사회에서 이재명과 한 편은 곧 북한과 한 편이고 중국과 한 편이고 전범으로 지목된 푸틴과 한 편이다",2
"이재명 너는 또한 탄핵 소추안에 북·중·러를 대적하는 윤석열 대통령 탄핵해야 된다고 그랬어",2
"이재명은 앞으로 전쟁사범과 한 편이 되었다고 본다",2
"탄핵 시위에 나가면 반미 · 친중 인사로 낙인찍힌다",1
"미국의 소리에서 이재명의 대북송금이 썸네일로 나왔다",1
"북한과의 거래는 미국이 제재하는 대상이다",1
"이재명은 지금 미국의 제재 대상이 될 수 있다",2
"트랙터로 친미 대통령을 공격하면 종북 급진 운동으로 본다",2
"윤석열 대통령은 글로벌 중추 국가로 대한민국을 만들려 했다",1
"이재명은 한미일 관계를 위험하게 만든다고 미국이 보고 있다",1
"이재명은 김정은에게 조공을 바친 셈이다",2
"미국은 좌파의 국회 쿠데타를 계엄령으로 막은 것으로 본다",1
"이재명은 친중, 친북, 반미, 반일 인사다",2
"탄핵 시위에 나간 사람은 전범과 함께하는 자들이라고 오명받을 수 있다",2
"이재명이 대통령이 되면 한국을 중국과 북한과 붙어먹는 데 쓰게 될 거다",2
"윤석열 대통령의 한일 관계 개선을 미국은 높이 평가한다",1
"이재명은 온갖 잡범이며 국제사회는 그를 기소하고 있다",2
"조희대 대법원장, 당신 제3의 내란 세력이지",2
"대한민국의 진짜 내란 세력은 민주당이다",2
"대통령 탄핵 장관 탄핵 검사 탄핵 감사원장 탄핵 방통위원장 탄핵 대법원장 탄핵 내란입니다",2
"이재명은 1심부터 모든 절차를 지연시켜 왔다",1
"이재명은 전례 없는 재판 지연을 했다",1
"재상고심을 무시하고 확정 판결할 수 있다는 주장도 등장했다",1
"지금 대한민국은 체제 전쟁 중입니다",2
"대한민국은 지금 내전 중입니다",2
"이재명은 마두로처럼 대법관 숫자를 늘리려 한다",2
"차베스가 국회를 해산하고 대법관을 교체한 것과 유사하다",2
"문재인은 차베스, 이재명은 마두로다",2
"이재명은 극좌 포퓰리즘을 중도처럼 위장하고 있다",2
"이재명은 기본사회와 지역화폐, 공공의대 등의 좌파 공약을 밀고 있다",1
"민주적으로 독재를 완성하는 것이 히틀러의 방식이다",2
"삼권분립이 무너지는 순간 국민이 탄핵당하는 시대가 온다",2
"좌파 포퓰리즘에 중독된 국민은 분별력을 잃는다",2
"반미 구호에 열광하는 국민은 베네수엘라처럼 망할 수 있다",2
"이재명이 당선됐을 경우 리스크를 막기 위해 당선자의 재판 중지를 추진했다",1
"무죄가 나올 재판은 계속 진행하고 유죄 가능성이 있는 재판만 중지하겠다는 법안을 상정했다",2
"재판 결과가 나오기 전부터 정치권이 결과를 예단하고 있다",1
"사법 절차의 본질을 근본적으로 훼손하고 있다",1
"정치권이 대법원장을 탄핵하겠다며 사법부를 겁박하고 있다",2
"민주당은 대법관 9명을 고발하겠다고 위협하고 있다",2
"사법 체제 전체를 정치적으로 흔드는 행동이다",2
"정치가 재판을 가르고 사법부에 목을 틀어쥐고 있다",2
"판결 결과를 국회가 예측하고 무죄라며 정해놓고 있다",2
"법사위에서 정치인이 사법 절차를 멋대로 판단하고 있다",1
"정치권의 압력으로 판사가 탄핵을 걱정하게 되면 법의 기능은 상실된다",1
"지금 대한민국 법은 정치 앞에서 설 자리조차 위협받고 있다",1
"정치는 정치가 하고 재판은 판사가 해야 한다는 원칙이 무너지고 있다",1
"정치가 판사를 바꾸려고 한다면 국가는 나락으로 떨어질 수밖에 없다",2
"이재명 하나 때문에 이 나라의 법 구조 자체가 무너지고 있어요",1
"사상초유의 재판 중지 협박",1
"사법부의 심판을 외부 세력이 중지하겠다는 선포",1
"사법부 판결이 마음에 들지 않으면 대법원장을 탄핵시키려 한다",1
"삼권분립, 헌정 질서, 법치가 이재명 하나 앞에서 부정되고 있다",1
"국회 권한으로 법의 집행을 좌우하겠다는 발언은 내란적이다",2
"민주당은 법을 논하지 않고 이재명을 지키기 위해 법을 지우려 한다",2
"재판을 멈추게 한다면 그다음은 수사도 멈출 것이다",1
"권력이 법을 마음대로 고를 수 있는 순간, 그건 법이 아닌 권력의 칼이다",1
"여당의 비판자들은 법원으로 끌려가고 반대하는 판사는 날아갈 것이다",2
"이재명에게 면제부가 주어진다면 다른 정치인의 범죄 처벌은 불가능해진다",1
"지금 이들을 멈추지 않으면 법의 시대는 끝난다",1
"이건 단순한 야당의 반발이 아니라 법치에 대한 공격이다",1
"우리는 법을 공격한 날을 기억하고 기록해야 한다",1
"이재명 하나 때문에 이 나라의 법 구조 자체가 무너지고 있어요",2
"사상초유의 재판 중지 협박",2
"사법부 판결이 마음에 안 들면 대법원장 탄핵, 재판부 겁박, 이게 민주당의 모습이에요",2
"삼권 분립 헌정 질서 법치 법앞 평등이 이재명 하나 앞에서 부정되고 있습니다",2
"국회 권한으로 법의 집행을 좌우하겠다는 말은 진정한 내란적 발언",2
"민주당은 이제 법을 논하지 않습니다. 이재명을 지키기 위해 법 자체를 지우려 합니다",2
"이 상황을 우리가 막지 못하면 법은 부패한 권력자들의 수단이 됩니다",1
"권력이 법을 마음대로 고를 수 있는 순간, 그건 더 이상 법이 아닙니다",1
"범죄 리스크를 가진 인물이 대통령이 되면 재판은 더 이상 공정할 수 없습니다",2
"이건 헌법과 법치에 대한 공격입니다",1
"30번째 탄핵을 거론한 민주당",1
"이낙연은 이재명이 대통령 되는 걸 막으려 한다",1
"대한민국이 법대로 가는 나라로 남느냐, 권력대로 가는 나라로 변질되느냐의 갈림길이다",2
"최강의 방탄복을 입고 사법 리스크를 무마하겠다는 발상",1
"사법 리스크가 해결될 때까지는 대안을 내라. 협력할 수 있다",1
"민주당은 사실상 유죄가 확정된 이재명을 두고재판부가 누구 편에 설지 결정하라 했다",2
"입법부가 행정부 장관을 탄핵하며사법부까지 협박한다",2
"삼권 분립은 무시되고입법 독재 상황이다",2
"이재명 재판을 내란 잔당과 연관시키는 건가스라이팅이다",2
"본인의 잘못으로 재판받는데왜 내란 잔당과 연결시키냐",1
"대선 개입이 아니라1년 안에 끝나야 할 재판을 질질 끌었다",1
"국민은 범죄자를그냥 뽑아주지 않는다",1
"모두에게 평등한 법치주의를민주당이 무시한다",1
"사법부에 편 들어달라 요구하는 건비정상이다",1
"이재명은 한 발 물러나면낭떠러지라고 판단한다",1
"6월 3일 전유죄 확정될 가능성이 높다",1
"형량은 최소 200만 원 이상이어서피선거권 박탈 위험이 있다",1
"재상고는 대법원이 이미 유죄 입장이라기각될 가능성이 크다",1
"당선되면 재판을 막는 법을 만들겠다는 건쿠데타다",2
"민주당은 법보다 권력이 우선이라는마인드다",2
"국민이 지금 상황을 이상하다고느끼는 게 정상이다",1
"재판부의 재판은 대선 개입이 아닌공직자 검증이다",1
"더불어민주당이 내란을 일으키고 있다고 봅니다",2
"대법원에서 유죄 취지 파기환송을 처맞은 민주당이 애꿎은 곳에 화풀이를 하고 있어요",2
"나라가 어떻게 되든 말든 신나 가지고 표결하는 꼬라지가 진짜 세금 아까워 죽겠네",2
"이재명이 유죄 취지 파기환송을 맞고 위기감을 느껴 탄핵 카드를 꺼낸 거예요",1
"이 정도면 탄핵 중독이에요",2
"다수의 의석수 하나만으로 깡패 마냥 마음에 안 든다고 국무위원들 검사 판사들까지 무차별적으로 탄핵하고 있잖아요",2
"책임 없는 계량마냥 탄핵 소추안을 무차별적으로 발의해 국정 운영을 마비시키는 건 내란이 아닙니까",2
"국무회의조차 못하게 막는 걸 누가 좋아할까요",1
"대한민국을 적화통일시키려는 북한과 우리나라를 홍콩화시키려는 서해 건너 있는 소국만 좋아할 상황이죠",2
"내가 간첩이라면 이렇게 했을 것 같아요",2
"내부부터 부수는 전략, 월남이 이렇게 패망했지",2
"민주당이 탄핵 카드를 남발할수록 오히려 계엄의 정당성만 더 부여되는 중이죠",1
"이런 정당에서 유죄 취지 파기환송 받은 사람이 대통령이 돼서 삼권분립을 붕괴시킨다",2
"국민 세금으로 연봉 1억 6천의 활동비까지 받는 깡패들이 국회에 드글거리는 거예요",2
"중앙선거관리위원회가 이제 와서 서버 검증 받겠다고 발표했습니다",1
"선관위가 부정선거를 주장하는 국민들을 음모론자 취급했습니다",2
"선관위 고위 간부들이 자녀 특혜 채용을 하고 언론에 터지자 사과쇼를 벌였습니다",2
"사소한 실수가 항상 특정 정당에 유리하게 나타나는 게 우연입니까",2
"의혹은 무시하고 정보는 차단하고 우리가 하겠다니까 믿으라는 건 독재입니다",2
"선거 임박해서 국민 여론 눈치 보다가 서버 검증한다고 생색내는 겁니다",1
"국민이 납득도 안 되는데 무조건 받아들이라는 게 민주주의입니까",1
"지금처럼 감추고 의혹 제기하면 탄압하는 건 독재입니다",2
"선관위는 실질적으로 독립 기구를 통해 지금 당장 검증해야 합니다",1
"선거의 모든 과정을 실시간으로 국민에게 공개하십시오",1
"선거를 믿지 못하면 민주주의는 무너집니다",1
"지금 그 위기가 현실로 다가오고 있습니다",1
"한덕수도 양아치 싸움에 끼어들어 양아치가 됐다",2
"한덕수는 권력 욕심을 버리고 김문수에게 양보해야 한다",1
"홍준표는 경선 비용 돌려달라며 당을 비난하고 미국으로 떠나버렸다",1
"자유통일당이야말로 보수의 중심이며 이번에 반드시 힘을 모아야 한다",1
"이번 선거에서 자유통일당이 지지율을 확보하지 못하면 보수는 괴멸한다",1
"친중 사회주의 독재를 꿈꾸는 자들이 대한민국 권력을 찬탈하려 한다",2
"내각제 세력은 조선일보가 조종하고 밀고 있다",2
"이재명 중심의 사회주의 독재 세력은 행정 입법 사법부를 개딸들이 장악하려 한다",2
"내각제를 하면 친중 사회주의 세력이 입법과 행정부를 장악할 가능성이 크다",2
"국민의힘과 민주당 모두 내각제 세력이 있다",1
"조선일보는 대통령제를 흔들고 내각제를 추진하려 한다",2
"내각제는 과거 프랑스, 이탈리아, 독일에서 실패한 사례가 많다",1
"내각제는 정치적 혼란과 무기력함을 불러와 독재로 이어질 수 있다",1
"보수 내에는 분열 요소가 많아 내각제에서 절대 통합 정당이 유지되지 않는다",1
"보수는 쓸모 있는 바보들이 많아 좌파의 연정 붕괴 전략에 쉽게 당할 수 있다",1
"민주당은 아무리 나뉘어도 표결에서는 항상 단결한다",1
"국민의힘은 대통령 두 번을 탄핵하고, 정치적으로 죽은 폐륜 정당이다",2
"내각제를 하면 보수는 민주당을 이길 수 없고, 오히려 총통 체제를 열어줄 위험이 있다",2
"국회의원들은 권력과 감투에만 관심 있고 나라 전체는 안 보인다",1
"국회의원 불체포 특권, 국민소환제, 입법책임제가 먼저 개헌의 대상이 되어야 한다",1
"헌법재판소는 대통령을 단심으로 탄핵하는 기관으로 해체해야 한다",2
"제왕적 대통령제가 문제가 아니라 국회 독재와 반국가 세력이 진짜 문제다",1
"국민의힘과 민주당의 내각제 세력은 감언이설로 나라를 망치려 한다",2
"대한민국은 권력 공백기에 엘리트 의식에 빠진 내각제 세력들이 권력을 탐하고 있다",2
"우리는 개헌 방향을 바로잡고 내각제 빌드업을 단호히 거부해야 한다",1
"국민의힘 중진 의원들은 민심을 읽지 못하고 조기 하야나 임기 단축 같은 헛소리만 하고 있다",2
"박충원 의원은 탄핵 반대도 민심이라는 점을 정확히 짚고 있다",1
"윤석열 대통령 탄핵 반대 입장이 대학생들 사이에서 공감을 얻고 있다",1
"촛불 집회에 참석했던 청년들이 윤 대통령의 개엄령 정당성을 깨닫고 반성하고 있다",1
"윤 대통령의 결단에 대한 청년층의 지지가 확산되고 있다",1
"문재인 정부는 장교 봉급 깎고 병사 밥값 줄이는 등 안보를 해쳤다",2
"윤석열 대통령은 방산 수출과 원전 수출 등으로 미래를 설계했다",1
"민주당은 검찰 특활비, 감사원 예산을 모두 삭감하며 수사를 방해했다",2
"대통령의 개엄 선포는 상권분립이 망가진 상황에서 나온 불가피한 결단이다",1
"국회와 언론은 개엄 배경은 무시한 채 내란 프레임만 씌우고 있다",2
"대통령 탄핵 집회에 참여했던 학생도 이후 진실을 깨닫고 보수로 돌아섰다",1
"윤 대통령의 업적을 알면 청년들도 보수로 돌아선다",1
"민주당이 내세우는 집회는 페미니즘, 민노총, 사회주의 전진 깃발로 가득하다",2
"민주당은 간첩법 폐지와 같은 입법 방해로 대한민국을 마비시키고 있다",2
"헌법재판소는 대통령 탄핵을 단심으로 결정하는 기구로 개편이 필요하다",1
"윤 대통령을 지키는 것이 대한민국의 명운을 지키는 길이다",1
"윤 대통령이 퇴진하면 이재명이 대통령이 되어 8년 장기 집권이 기정사실이 된다",2
"윤 대통령을 버리는 정당은 두 번이나 대통령을 지키지 못한 쓰레기 정당이다",2
"대학생과 고등학생도 개엄령 배경을 이해하고 대통령 지지로 돌아서고 있다",1
"국회의 부패와 사법부의 타락이 개엄의 배경인데 언론은 이를 외면하고 있다",2
"이재명은 선거법 위반과 위증교사 혐의에도 불구하고 무죄 판결을 받았다",2
"고등학생들도 민주당의 행태가 적성 세력에게 유리하다는 사실을 직관적으로 인식하고 있다",1
"민주당은 법안 개정을 통해 전과자들의 방탄용 입법을 추진하고 있다",2
"민주당은 안보 방해 입법과 예산 마비로 대한민국을 무력화시키려 한다",2
"민주당은 내란을 선동하면서도 피해자 코스프레를 하고 있다",2
"국민의힘 의원들이 대통령을 버리면 다 함께 망하는 결과를 초래한다",1
"보수 진영은 이재명과 싸우기 위해 윤 대통령과 결속해야 한다",1
"윤석열 대통령을 지키는 고등학생과 대학생들이 정치의 희망이다",1
"국민의힘이 또 대통령을 버린다면 국민들은 투표를 보이콧할 것이다",2
"윤 대통령의 개엄 선포는 상권분립의 붕괴와 국회의 방탄에 대한 정당한 반응이다",1
"윤석열 대통령을 수사하는 검사 네 명을 민주당이 탄핵시키려 한다",2
"검찰 직무가 중지되면 수사 자체가 불가능해지므로 이는 방탄 탄핵이다",2
"윤석열 대통령은 정당한 선거법 위반 수사를 진행 중이다",1
"이재명은 김문기를 모른다고 했지만 동행 영상과 녹취가 증거로 존재한다",1
"이재명은 선거법 위반으로 유죄 확정 시 대통령 출마가 불가능해진다",1
"민주당은 가짜 후보를 냈기에 440억의 벌금을 내야 한다",1
"민주당은 윤 대통령 수사를 막기 위해 사법부를 겁박하고 있다",2
"민주당 지지자들은 이재명을 지키기 위해 헌정질서를 파괴하려 한다",2
"민주당은 방통위원장을 탄핵시켜 MBC 장악을 노리고 있다",2
"JTBC와 MBC는 윤 대통령 탄핵 여론을 형성하는 영상 콘텐츠를 만들고 있다",2
"민주당은 윤 대통령의 거부권 행사를 막기 위해 입법을 추진 중이다",2
"민주당은 국정조사와 특별법을 연이어 추진하며 대통령 권한을 약화시키고 있다",2
"민주당은 국회의 의석 구조를 바꾸려 하며 대통령 거부권을 무력화하려 한다",2
"청년들이 정치에 관심을 잃고 무력화되면 공화국은 녹슬고 붕괴된다",1
"민주당은 국정원 대공수사권을 폐지하고 검찰 수사권도 박탈했다",2
"민주당은 경찰에게 모든 수사권을 몰아주어 권력 집중을 꾀하고 있다",2
"민주당은 사법부와 검찰, 행정부를 장악하려 한다",2
"박근혜 대통령 탄핵은 실질적인 유죄 증거 없이 진행됐다",1
"JTBC는 최순실 태블릿 조작 보도를 통해 여론을 조작했다",1
"탄핵 이후에도 아무도 책임지지 않았고 진실은 밝혀지지 않았다",1
"현 정권도 마찬가지로 수사 중인 사건에 대해 탄핵을 추진하고 있다",2
"윤 대통령 탄핵은 제도 파괴와 정권 교체를 위한 시도다",2
"대통령이 2년 안에 탄핵당할 수 있다는 인식은 국민의 정치적 무기력을 초래한다",2
"보수 유권자는 더 이상 대통령을 뽑지 않게 될 것이다",2
"박근혜 탄핵은 사회주의 체제 수립을 위한 권력 탈취였다",2
"이재명과 조국은 민주당 내 종교화된 상징으로서 수호 대상이 되었다",2
"이들이 감옥에 가지 않으면 법질서가 무너지고 악인이 날뛰는 정치가 된다",2
"사법부는 사람 눈치가 아니라 헌법과 미래를 보고 판결해야 한다",1
"윤석열 정권은 공화국의 마지막 보루로서 방어에 나서야 한다",1
"이재명과 개딸들은 절차를 무시하며 사법부와 행정부를 겁박하고 있다",2
"독재는 민주주의라는 이름으로 시작되며, 지금 민주당이 그 길을 걷고 있다",2
"민주당은 검찰 수사권과 대공 수사권을 무력화시켜 국가 기능을 해체하고 있다",2
"이재명은 선거법 위반과 다수의 범죄 혐의로부터 도망칠 수 없다",1
"검찰의 기소와 증거로 이재명의 유죄 가능성이 매우 높다",1
"이재명이 유죄가 되면 대통령 출마는 불가능하고 민주당은 440억 벌금을 물어야 한다",1
"이재명은 감옥에 가지 않기 위해 헌정질서를 유린하고 있다",2
"검찰 수사만으로도 탄핵을 시도하는 민주당은 삼권분립을 붕괴시키고 있다",2
"민주당은 MBC 장악을 통해 여론 조작을 시도하고 있다",2
"민주당은 윤 대통령의 거부권 행사조차 무력화시키려 하고 있다",2
"국민들이 인지하지 못하는 사이 대한민국 공화국이 죽어가고 있다",1
"국정원 대공 수사권 폐지와 경찰로의 수사권 이관은 간첩 수사를 불가능하게 만든다",2
"민주당은 국가의 안보와 사법체계를 민주주의라는 명분 아래 파괴하고 있다",2
"박근혜 탄핵은 유죄가 선고되기도 전에 절차 없이 진행됐다",1
"JTBC의 태블릿 보도는 허위였으며, 박근혜 탄핵의 정당성을 무너뜨렸다",1
"윤석열 대통령 탄핵 시도는 박근혜 탄핵의 전철을 밟는 것이다",1
"탄핵이 정치 보복 수단으로 자리잡으면 대통령제는 붕괴한다",2
"문재인 정권 이후 민주당 내부 범죄가 드러나면서 탄핵 목적이 변질되었다",2
"이재명과 조국은 사법 정의 실현을 위해 감옥에 가야 한다",1
"이들이 감옥에 가지 않으면 양심과 상식이 무너지고 악인들의 무대가 된다",2
"사법부는 국민 눈치가 아닌 헌법과 법리에 따라 판결해야 한다",1
"민주주의는 기본 인권과 절차를 지켜야만 유지될 수 있다",1
"독재와 전체주의는 민주주의의 이름으로 시작된다",2
"북한 공산주의는 농민에게 토지를 무상으로 주며 정권을 장악했다",2
"중국 공산혁명도 부유층의 재산 몰수를 통해 성공했다",2
"베네수엘라는 복지 포퓰리즘으로 선거에 승리했지만 국가가 몰락했다",2
"차베스와 마두로 정권은 복지로 국민을 매수하며 나라를 파탄시켰다",2
"공적인 통치는 공적인 이성에 의해 이루어져야 한다",1
"국민 대중의 감정은 종종 엘리트의 선동에 휘둘린다",1
"정치 지도자는 99%의 반대가 있어도 공익을 위해 올바른 결정을 해야 한다",1
"박정희 대통령은 국민 반대를 무릅쓰고 한일 국교정상화를 이끌었다",1
"학생들의 반대 시위에도 불구하고 그는 경제 발전을 위한 길을 택했다",1
"당시 학생들에게는 국정을 방해할 권리가 없었다",1
"이승만, 박정희 같은 보수 지도자들은 공공의 이익을 위해 결단을 내렸다",1
"현시대는 민주라는 이름으로 상권분립을 해체하려는 시도들이 일어나고 있다",2
"민주당은 검찰 수사를 방해하고 수사기관을 장악하려 한다",2
"이재명은 8건의 혐의로 수사받고 있으며 녹취록과 증언으로 도망칠 수 없다",1
"선거법 위반으로 이재명이 유죄가 되면 출마 불가, 의원직 상실, 민주당 벌금 발생한다",1
"민주당은 사법체계를 무력화시키려 하며 언론장악 시도까지 하고 있다",2
"방송통신위원장 탄핵은 공영방송을 장악하려는 의도다",2
"JTBC와 MBC는 여론을 조작하며 탄핵 여론몰이에 앞장서고 있다",2
"국회는 대통령의 거부권조차 무력화하려는 법 개정을 시도하고 있다",2
"정치 무관심은 나라의 붕괴를 가속화시킨다",1
"민주당은 국정원, 검찰, 경찰, 사법부 등 국가 권력을 장악하고자 한다",2
"박근혜 전 대통령의 탄핵은 실질적 법적 근거 없이 진행되었다",1
"최순실 태블릿의 소유와 사용 여부도 재판에서 불명확했다고 밝혀졌다",1
"JTBC는 태블릿 보도에 대해 사과 없이 사실을 왜곡했다",2
"탄핵 당시 특검 수사 전 국회와 헌재가 먼저 절차를 밟았다",2
"지금도 경찰·공수처 수사 중인 사안을 특검법으로 먼저 탄핵하려 한다",2
"이러한 반복은 향후 대통령제를 불안정하게 만들고 포퓰리즘 정치를 유도한다",2
"언론 조작과 여론 선동으로 대통령을 끌어내릴 수 있다는 전례가 생긴다",2
"보수 유권자들은 정치에 무력감을 느끼고 투표를 포기할 것이다",2
"민주당 지도부는 수많은 범죄 의혹에 연루되어 있고 그것을 덮으려 한다",2
"이재명과 조국은 정치적 아이콘이 아닌 범죄 혐의자다",2
"이들이 감옥에 가지 않으면 대한민국의 법치와 상식이 무너진다",2
"사법부는 눈치를 보지 말고 헌법과 법리에 따라 판결해야 한다",1
"양심과 상식이 무너진 정치에 청년들이 희망을 잃고 있다",1
"자유는 목적이 아니라 도구이며 공동체 헌신으로 이어져야 한다",1
"자유는 억압에서 벗어나기 위한 것이며 방종이 아니다",1
"이승만은 미국 자유주의 전통을 배우고 자유인의 중요성을 깨달았다",1
"자유는 개인이 성장하고 공동체에 헌신할 수 있는 조건이다",1
"현대 한국 사회는 자유의 본질을 망각하고 있다",1
"자유는 헌신, 절제, 책임을 전제로 주어져야 한다",1
"에이즈 치료비 증가는 도덕적 해이와 가치 붕괴의 결과다",1
"동성애와 비윤리적 성문화는 자유의 탈을 쓴 퇴폐일 뿐이다",2
"사유재산은 자유의 기초이며 공산주의적 분배는 자유를 파괴한다",2
"박정희는 군인의 희생 위에 국민의 재산권 보장이 필요하다고 보았다",1
"경제 성장은 자유를 실질화하기 위한 마지막 퍼즐이었다",1
"현 정부가 산업화 기반을 이어받아 방산과 반도체에서 성과를 내고 있다",1
"정치 건달들은 사유재산의 가치를 무시하고 포퓰리즘으로 남용하고 있다",2
"조국의 연대임금제는 공산주의적 발상이다",2
"지역의사제는 의사의 자유와 이동권을 침해하는 전체주의적 정책이다",2
"중대재해법은 중소기업을 죽이는 법이며 형평성에 어긋난다",2
"민노총은 민주당을 압박해 반시장 입법을 강요하고 있다",2
"노란봉투법은 불법파업을 정당화하고 기업 활동을 위축시킨다",2
"노동권만 강조되며 고용과 투자가 위축되고 있다",2
"좌파는 일자리 파괴 정책을 몰고 오고 있다",2
"강력한 안보는 상대의 의도와 무관하게 힘으로 평화를 지켜야 한다",1
"레이건은 평화를 원하면 군사력을 키우라고 했다",1
"북한과 중국은 한국의 자유와 안보를 위협하는 주적이다",2
"미국은 점점 국제 리더십을 잃고 있고 한국은 스스로 대비해야 한다",1
"대만은 전쟁에 대비하고 있으며 한국도 안보 각성을 해야 한다",1
"핵 전략무기의 상시 배치는 한국이 위험 지역임을 의미한다",1
"러시아와 북한의 군사협력은 한국 안보에 큰 위협이다",2
"미국은 한국을 포기할 수 없는 전략적 요충지로 보고 있다",1
"윤석열은 나토 정상들과 함께 국제 안보 구도를 유지하고 있다",1
"가정은 인간 윤리와 인격 형성의 근본이다",1
"보수는 정부가 아닌 가정이 윤리를 가르친다고 믿는다",1
"가정은 무조건적인 사랑과 보호를 제공하는 유일한 공간이다",1
"현대 사회는 가족 해체와 문화 파괴로 가정의 기능이 약화되고 있다",2
"건강가정기본법 개정은 가족의 정의를 해체하려는 시도다",2
"비혼출산 장려는 아이의 아버지 가질 권리를 빼앗는 것이다",2
"정부는 비혼출산을 장려할 권리가 없고 이는 윤리를 훼손한다",2
"비혼출산이 제도화되면 가족이 생활양식이 아니라 소비 선택이 된다",2
"가족 해체는 정부가 해결할 수 없는 문화의 붕괴다",2
"페미니즘과 젠더 이데올로기는 가정의 질서를 해체한다",2
"현대 부모는 아이 교육에 있어 간섭과 방임을 구분하지 못한다",1
"아이의 자유를 방치하면 사회의 기본 단위가 무너진다",1
"가정문화의 회복 없이 저출산 해결은 불가능하다",1
"보수주의자는 원칙과 가치를 지키기 위해 싸우는 사람들이다",1
"좌파는 절대악과 민주투사 계보라는 역사관으로 뭉쳐있다",2
"좌파의 역사 프레임이 무너지지 않으면 대한민국의 미래는 없다",2
"보수는 역사 전쟁에서 승리하지 않으면 주도권을 가질 수 없다",2
"황우여와 같은 인물을 보내 역사 전쟁의 거점을 무너뜨려야 한다",2
"보수는 각자의 영역에서 1등이 되어 문화적 권위를 되찾아야 한다",1
"문화 권력 장악 없이 보수는 메이저가 될 수 없다",1
"좌파는 전방위적으로 문화 전반을 장악해왔다",2
"보수는 제도권 진입을 통해 영향력을 키워야 한다",1
"정치는 국회만이 아니라 언론, 영화, 문학, 법조 등 전 영역이다",1
"보수는 각자의 자리에서 전문가가 되어야 한다",1
"전문가가 되어야 보수의 가치가 메이저 담론이 된다",1
"이승만은 남한에 공산주의를 들이려는 자들에 맞서 ‘오른편’을 선택했다",1
"링컨은 다수에 맞서 노예 해방을 추진하다 암살당한 위대한 인물이다",1
"박정희는 모두가 반대해도 산업화를 밀어붙인 지도자다",1
"중국이 한국의 여론, 경제, 안보에 깊숙이 침투하고 있다",2
"민주당은 간첩죄 개정에 반대함으로써 국가안보를 위협하고 있다",2
"대한민국은 현재 중국화와 사회주의 체제로의 붕괴 위기에 처해 있다",2
"비상계엄은 체제를 수호하기 위한 마지막 수단이다",1
"대통령을 탄핵하면 민주주의의 반역자가 된다",2
"헌법재판소가 대통령을 탄핵하면 국민혁명이 일어날 것이다",2
"윤석열 대통령의 직무 복귀는 대한민국 체제 회복의 시작이다",1
"홍콩처럼 되지 않으려면 지금 행동해야 한다",1
"민주당은 입법, 사법, 수사기관을 장악해 행정부까지 접수하려 한다",2
"문재인 정권은 중국과 결탁해 대한민국을 약화시켰다",2
"댓글 여론조작은 중국 및 북한 사이버부대의 공작일 가능성이 높다",2
"교회, 사찰, 성당 모두 사회주의 체제에서 탄압받게 된다",2
"자유민주주의를 지키려면 대통령 지지로 국민 의지를 보여야 한다",1
"2030세대가 먼저 깨어났고, 이제 나머지 세대가 응답해야 한다",1
"우마오당과 같은 중국 댓글부대가 한국 여론을 조작하고 있다",2
"중국 공산당은 한국 언론과 인터넷 플랫폼에 영향력을 행사하고 있다",2
"공자학원은 중국 공산당의 선전 기구로 기능하고 있으며 폐쇄되어야 한다",2
"중국인의 부동산 매입은 한국의 주권을 위협하는 요소다",2
"중국 기업이 JTBC에 막대한 투자를 하면서 언론의 자유가 침해되고 있다",2
"한국은 중국의 기술 탈취와 불법 행위로 경제적 안보를 위협받고 있다",2
"국회 의장의 시진핑 면담은 국민의 신뢰를 저버리는 외교 행보다",1
"민주당은 반국가적 활동에 대한 처벌을 무력화시키고 있다",2
"북한과 중국의 사이버 공격이 여론을 왜곡하고 있다",2
"대한민국은 사실상 전시 상황에 있다",2
"문재인 정부와 민주당은 중국에 유리한 정책으로 대한민국 체제를 흔들었다",2
"지금 침묵하면 대한민국은 중국의 속국이 된다",2
"비상계엄은 대한민국을 정상화시키기 위한 유일한 방안이다",1
"국민은 헌법재판소의 탄핵 인용을 거부하고 대통령 직무 복귀를 명령해야 한다",1
"헌법재판소 재판관 다섯 명이 대통령을 탄핵하면 역사에 반역자로 남을 것이다",2
"대한민국은 지금 보수 대 진보가 아닌 체제 전쟁 중이다",2
"민주당은 공수처와 사법기관을 동원해 대통령을 부당하게 수사하고 있다",2
"우리법연구회 소속 판사들이 법원을 장악하며 편향된 판결을 하고 있다",2
"헌법재판소의 특정 재판관들이 편향된 정치 성향으로 탄핵을 기도하고 있다",2
"언론은 특정 정당에 치우친 편파 보도로 국민을 분열시키고 있다",2
"언론의 거짓 선동은 히틀러 괴벨스의 방식과 다르지 않다",2
"선관위는 감사원과 국정원의 감사를 거부하며 부정선거 의혹을 키우고 있다",2
"감사받지 않는 선관위는 절대 권력처럼 부패하게 된다",2
"대통령은 선거에서 승리했음에도 선관위 개혁을 위해 비상 기엄을 결단했다",1
"일본, 대만, 캐나다 등 선진국은 전자 개표 대신 수작업 개표를 하고 있다",1
"대만은 해킹과 조작을 막기 위해 투표함을 이동하지 않고 현장에서 개표한다",1
"전자 개표를 고수하며 수작업을 거부하는 세력이 있다면 그들이 범인일 수 있다",2
"선거 주권을 지키기 위해서는 국민들이 전자 개표보다 수작업을 요구해야 한다",1
"선관위는 채용비리, 가족 비리 등으로 신뢰를 잃고 있다",2
"민주주의의 본질은 투명한 선거이며 이를 위해 개표 시스템을 개선해야 한다",1
"선관위는 북한 해킹 계정 회수, 자료 제출 거부 등으로 수사를 방해하고 있다",2
"국정원이 확보한 선관위 내부 자료는 비상기엄의 정당성을 뒷받침한다",1
"선거 공정성 의혹을 방치한 선관위는 국민 신뢰를 저버린 것이다",2
"선관위가 감사를 거부하는 것은 뭔가 감출 것이 있다는 방증이다",2
"사일구 혁명은 부정선거에 대한 국민 저항으로 일어났다",1
"선관위가 정당하다면 감사와 조사를 받아야 한다",1
"선거에서 떨어진 후보가 아니라 당선된 대통령이 선관위 개혁을 주장했다는 사실은 이례적이다",1
"선거의 투명성을 위해서는 수작업 개표로 전환해야 한다",1
"전자 개표를 고집하며 문제 없다고 주장하는 자들이야말로 의심받아야 한다",2
"국민은 천천히 개표하더라도 공정한 수작업을 원한다",1
"민주주의의 핵심은 주권 행사이며 그 기반은 신뢰받는 선거 시스템이다",1
"문재인 정부는 원자력 폐기를 추진하며 중국산 태양광 산업에 특혜를 줬다",2
"민주당은 간첩죄 개정을 반대해 중국 간첩도 처벌할 수 없게 했다",2
"중국인은 군사시설을 촬영해도 간첩죄로 처벌받지 않고 있다",2
"중국 우마오당 댓글 부대는 한국 여론을 조작하고 있다",2
"카카오 뉴스 댓글 조작 사건은 중국 개입 정황을 보여준다",2
"중국은 언론·경제·여론조작 등으로 한국을 장악하려 한다",2
"중국은 JTBC에 1,000억을 투자해 여론 영향을 확대하고 있다",2
"중국은 한국에서 비밀경찰조직을 운영하며 반체제 인사를 감시하고 있다",2
"중국인은 한국 건강보험을 1조 넘게 사용하며 복지를 악용하고 있다",2
"공자학원은 중국 공산당의 선전 기구이며 한국에 세계 최다 개설돼 있다",2
"중국 자본은 서울·제주 부동산을 대규모로 매입하고 있다",2
"민주당은 친중 노선을 걷고 있으며 대한민국의 중국화를 방치하고 있다",2
"대통령의 비상기엄은 체제 전복 시도를 막기 위한 불가피한 선택이다",1
"입법·사법·수사기관이 이재명 세력에 장악당했다",2
"헌재 재판관 5인은 민주주의를 배신하는 반역자가 될 수 있다",2
"2030세대가 먼저 각성했으며 4050 이후 세대도 응답해야 한다",1
"자유대한민국을 지키기 위한 마지막 기회가 지금이다",1
"헌법재판소는 이미 판결 각본에 따라 대통령 탄핵을 진행 중이다",2
"헌재 재판관 문형배, 이미선, 정계선 등은 특정 정치 성향에 편향돼 있다",2
"헌법재판관 추가 임명은 탄핵 인용을 위한 사전 조치다",2
"국민만이 헌법재판소의 잘못된 판결을 막을 수 있다",1
"2030세대가 먼저 깨어났으며 국민 모두가 응답해야 한다",1
"헌법재판소 재판관 다섯 명은 민주주의 반역자로 기록될 수 있다",2
"민주당은 광고업체를 협박해 언론 자유를 억압하고 있다",2
"현재 언론 상황은 유신독재 시절 동아일보 백지광고 사태와 유사하다",2
"과거의 민주화 정신은 사라졌고 민주당은 그 정신을 배신하고 있다",2
"윤 대통령은 국민을 먼저 생각하는 지도자의 자세를 보였다",1
"전한길은 보수도 진보도 아닌 상식을 따르는 국민 편이다",1
"헌법재판소 내부는 이미 편향된 조직이 장악하고 있다",2
"국민이 100만 명 모여 의사를 표명하면 탄핵은 막을 수 있다",1
"지금은 좌우 이념을 떠나 나라를 먼저 살려야 할 때이다",1
"정치를 외면한 대가는 저질 정치인에게 지배당하는 것이다",2
"국민이 헌재 위에 있다는 것을 보여줘야 한다",1
"이재명의 측근인 정진상과 김용은 대장동에서 벌어들인 자금을 통해 이재명의 정치자금을 지원했다",2
"김용은 유동규를 통해 대선 캠프 자금을 요구했고 실제로 수억 원을 전달받았다",2
"김문기, 유한기, 이병철 등 대장동 관련 인물들이 연이어 사망한 것은 이재명과의 관련성을 암시한다",2
"화천대유의 실질적 소유자인 김만배는 법조계 인맥과 정치권 인맥을 통해 수익구조를 보호받았다",2
"김만배는 화천대유의 이익 중 일부를 언론계와 정치권에 뿌려 영향력을 확보했다",2
"쌍방울은 이재명 변호사비를 대납하기 위해 자금을 세탁했다는 의혹이 있으며, 대북사업 명목으로 송금이 이루어졌다",2
"정진상은 김만배에게 대장동 수익의 30%를 요구하며 이재명 몫이라 주장했다",2
"검찰 수사를 통해 대장동 일당의 진술이 갈라지며 이재명의 연루 정황이 드러나고 있다",2
"대장동 프로젝트는 장기적으로 설계된 정·관·언·법 비리의 집약체다",2
"문재인 정권 하에서 대장동 수사는 사실상 중단되었고, 정권 교체 후 수사가 재개되었다",1
"이재명은 측근들이 연루된 범죄 사실에 대해 무관함을 주장하지만 다수의 증거와 사진이 이를 반박한다",2
"권순일 대법관은 이재명의 선거법 위반 사건에서 캐스팅보트를 행사한 인물이며, 대장동 일당과 연결되어 있다",2
"대장동 사업은 초과이익 환수 조항을 의도적으로 삭제해 민간에 과도한 이익이 흘러가게 설계되었다",2
"화천대유는 성남도시개발공사와의 계약을 통해 불공정한 구조로 8천억 원의 수익을 챙겼다",2
"이재명의 주변 인물들은 이익을 배분받으며 청와대 진출을 기대했으며, 대선 패배 후 상황이 급변했다",2
"대장동 수익은 정치 자금, 로비 자금, 개인 자산 등으로 다방면에 분산되어 사용되었다",2
"쌍방울과 KH그룹은 대장동 카르텔과 연결되어 정치·경제적 이득을 추구했다",2
"이재명은 대장동, 쌍방울, 강원도 특혜 매각 등에 직간접적으로 연루되어 있다",2
"법치주의가 회복되려면 이재명을 포함한 관련자들의 엄정한 처벌이 필요하다",2
"대장동 사건은 단순한 비리가 아니라 체계적인 권력형 부패 카르텔의 실체다",2
"김만배는 화천대유에서 1억을 투자해 1200억을 벌어갔다이 막대한 이익이 특정 정치 세력에 흘러들어갔다",2
"김용은 이재명의 선거 자금 확보를 위해 유동규에게 8억을 요구했다이는 대선 자금의 불법 조달 정황이다",2
"김문기 유한기 이병철은 대장동 수사 과정에서 사망했다이재명이 선을 긋는 순간 죽을 수도 있다는 메시지를 준다",2
"대장동 자금은 천화동인과 화천대유를 통해 만들어졌다이 중 일부는 김용 정진상 등을 통해 정치권으로 흘러들어갔다",2
"검찰은 유동규의 진술을 통해 470억의 큰 저수지를 확인했다이 돈은 권력자 보호를 위한 로비 자금으로 쓰였다",2
"쌍방울은 대북송금을 통해 북한으로부터 대북 사업권을 따냈다이 돈 일부는 이재명 변호사비 대납에 사용됐다는 의혹이 있다",2
"쌍방울 김성태와 이화영은 북한과의 사업 교류를 추진했다이는 종북 네트워크를 통해 이권을 확보한 정황이다",2
"김만배의 자금은 머니투데이 홍성근을 거쳐 최우향에게 전달되었다여기서 다시 쌍방울로 흘러 들어가 자금 세탁이 이루어졌다",2
"대장동 일당은 법조인과 언론인을 섭외해 사법 방어선을 구축했다이것은 조직적 권력형 부패의 전형이다",2
"이재명은 대장동 관계자들과의 관계를 부인했지만사진과 녹취록 등 물적 증거가 계속 드러났다",2
"이재명의 선거 시기마다 대장동 자금이 움직였다이는 불법 정치자금 개입의 가능성을 시사한다",2
"쌍방울을 통한 변호사비 대납 의혹은 검찰 수사로 이어졌다이는 이재명의 사법 리스크와 직결된다",2
"대장동과 쌍방울 사건은 각기 다른 경로로 연결된다하지만 모두 특정 정치세력을 중심으로 수렴된다",2
"윤석열은 대통령 자격이 없는 사람입니다.",-2
"조희대는 사법부를 망친 장본인입니다.",-2
"이재명 대표를 탄핵으로 끌고 가려는 시도는 정치 탄압입니다.",-1
"법원이 대선 개입을 한 것은 명백한 반헌법적 행위입니다.",-2
"지금 사법부는 윤석열의 하수인 수준입니다.",-2
"민주당은 반드시 조희대 대법관을 탄핵해야 합니다.",-2
"사법부가 독립성을 상실하고 정치 권력에 복속되었습니다.",-2
"이재명 대표에 대한 재판은 사법 살인입니다.",-2
"대법원이 사실상 선거에 개입하고 있습니다.",-2
"지금 대한민국의 재판은 공정하지 않습니다.",-1
"고등법원 판사들도 탄핵해야 합니다.",-2
"민주당이 조희대를 탄핵하지 않으면 정권을 잃을 수 있습니다.",-1
"이재명을 지키는 것이 민주주의를 지키는 것입니다.",-2
"국민이 사법부를 신뢰할 수 없게 되었습니다.",-1
"재판부는 이미 결론을 정해놓고 움직이고 있습니다.",-2
"법원의 결정은 정치적 목적에 따라 조작되고 있습니다.",-2
"민주당은 반드시 대응해야 하며, 주저해선 안 됩니다.",-1
"검찰과 사법부가 공모해 정적을 제거하려 합니다.",-2
"조희대는 법과 양심을 저버렸습니다.",-2
"현 사법부는 독재 정권의 도구로 전락했습니다.",-2
"이런 방식의 재판은 사법 정의를 훼손하는 행위입니다.",-2
"국민이 분노하는 건 당연한 일입니다.",-1
"민주주의가 죽어가고 있습니다.",-2
"이재명은 정당한 절차 없이 공격받고 있습니다.",-1
"조희대를 본보기로 반드시 심판해야 합니다.",-2
"윤석열 정권은 법치를 가장한 정치 보복을 자행하고 있습니다.",-2
"지금이라도 민주당이 행동하지 않으면 늦습니다.",-1
"이 사법 쿠데타는 절대로 용납할 수 없습니다.",-2
"대법원은 사실관계도 확인하지 않은 채 판결을 내렸습니다.",-2
"사법부 개혁 없이는 민주주의 회복이 불가능합니다.",-2
"국민의힘은 공당으로서의 정체성을 스스로 버리고 있습니다.",-2
"윤석열은 한덕수를 앞세워 대선을 조작하려 했습니다.",-2
"김문수는 국민의힘에서 가장 가난하고도 당당한 후보입니다.",-1
"이재명 죽이기 전제가 깨지면서 국민의힘은 혼란에 빠졌습니다.",-1
"지금 국민의힘은 역대급 코미디를 보여주고 있습니다.",-2
"윤석열이 선거에 개입했다는 사실이 드러났습니다.",-2
"당의 지도부는 김문수를 무시하고 조작을 시도했습니다.",-2
"김문수를 밀어내고 한덕수를 세우는 건 공작입니다.",-2
"국민의힘은 이미 해산 수준의 정당이 되었습니다.",-2
"이재명 대선 불출마 전제가 깨지며 여권 전략은 무너졌습니다.",-1
"한덕수는 당비도 내지 않은 채 후보가 되려 합니다.",-1
"윤석열이 김앤장의 변호사와 조희대까지 연결시켰다는 의혹이 있습니다.",-2
"국민의힘의 권력 싸움은 국민을 무시한 행태입니다.",-2
"김문수를 모질이로 본 권영세와 권성동은 오판했습니다.",-2
"당무 우선권을 무시하는 비대위는 정당성조차 없습니다.",-2
"현재 국민의힘은 대통령 후보 중심이 아닌 권력자 중심으로 움직이고 있습니다.",-1
"이재명 후보의 완주로 보수의 음모가 무너졌습니다.",-1
"윤석열의 개입은 민주주의에 대한 심각한 도전입니다.",-2
"국민의힘은 김문수 공천조차 주지 않으며 내부 분열 중입니다.",-1
"한덕수는 대선에서 희생양으로 쓰고 버릴 카드였습니다.",-2
"이낙연의 존재감은 오늘을 기점으로 사라졌습니다.",-1
"사법부와 검찰, 대통령실이 연계된 거대한 조작이 드러났습니다.",-2
"국민의힘은 대선보다 정권 이후 당권 다툼에 더 관심이 있습니다.",-1
"지금 벌어지는 일들은 내란 음모 수준의 정치 공작입니다.",-2
"이준석은 보수의 대안이 아니라 내란 공범들과 빅텐트를 꿈꿨습니다.",-2
"이재명 후보가 완주하는 것이 민주주의 회복의 시작입니다.",-1
"김문수가 정치적 희생양이 아니라 정면 돌파한 겁니다.",-1
"국민의힘은 결국 자신들만의 권력을 위해 정당성을 포기했습니다.",-2
"민주당은 이 기세를 받아 법과 정의를 회복해야 합니다.",-1
"이번 사건은 대통령 당선보다 더 깊은 의미가 있는 날입니다.",-1
"권성동은 건진법사 게이트의 핵심 인물 중 하나입니다.",-2
"강릉시는 권성동 측근들이 지배하는 부패 구조로 운영되고 있습니다.",-2
"통일교 간부 행사에 권성동과 장관이 참석한 건 심각한 문제입니다.",-2
"정권 실세들이 통일교에 공신력을 부여하고 있습니다.",-2
"권성동은 통일교와 김건희 커넥션을 알고 있는 핵심 인물입니다.",-2
"건진법사 게이트는 이명박 정권 때부터 이어진 뿌리 깊은 부패입니다.",-2
"한덕수의 부인 역시 무속 논란에서 자유롭지 못합니다.",-1
"한덕수는 윤석열과 마찬가지로 거짓말을 하고 있습니다.",-2
"통일교와 정부 인사들의 커넥션은 반드시 수사해야 합니다.",-2
"윤석열 정부는 무속과 권력이 결합된 기괴한 정권입니다.",-2
"체코 원전 수주는 외교 업적이 아닌 사기성 이벤트였습니다.",-2
"원전 계약은 이득 없는 허장성세로, 특정 기업 배불리기에 불과합니다.",-2
"윤석열 정권은 세금을 사적으로 낭비하고 있습니다.",-2
"윤석열은 외교를 사적 이익 도구로 이용하고 있습니다.",-2
"공수처는 존재감을 드러내기 위한 보여주기식 수사에 불과합니다.",-1
"안보실과 비서실은 파면된 대통령의 권한을 가장해 수사를 막고 있습니다.",-2
"윤석열은 노정희 판결에 개입했을 가능성이 큽니다.",-2
"현 정권은 정권 유지를 위해 사법부까지 움직였습니다.",-2
"공수처가 계속 압박을 가해야 정권의 음모를 막을 수 있습니다.",-1
"윤석열 구속 취소는 권력의 조직적 개입 결과입니다.",-2
"국민의힘은 통일교, 무속, 검찰 카르텔로 얽혀 있습니다.",-2
"대선보다 권력 유지에만 집착하는 무책임한 정권입니다.",-2
"공수처는 끝까지 밀어붙여야 할 유일한 수단입니다.",-1
"한덕수도 거짓말을 일삼는 윤석열과 다를 바 없습니다.",-2
"체코 원전 수주는 국민을 속이기 위한 허울뿐인 이벤트입니다.",-2
"정권 실세들이 통일교 행사를 적극 후원한 건 명백한 유착입니다.",-2
"윤석열과 김건희, 권성동의 관계는 진상 규명이 필요한 부패의 고리입니다.",-2
"현 정부는 정책보다 미신과 사적 욕망에 휘둘립니다.",-2
"윤석열은 대선 국면에서도 사적 이익을 챙기는 데 몰두했습니다.",-2
"투표는 이번 정권의 부패와 무능을 심판할 기회입니다.",-1
"이재명 후보가 여론조사에서 압도적으로 승리하고 있습니다.",-1
"이재명은 역대급 득표 가능성을 가진 대통령 후보입니다.",-1
"이재명 후보를 향한 지속적인 재판은 인권 탄압입니다.",-2
"이재명만 3년 동안 재판에 시달리는 것은 부당합니다.",-2
"윤석열은 내란수괴 혐의에도 보리밥 먹고 다닙니다.",-2
"내란수괴가 산책이나 다니고 있는 이 상황이 비정상입니다.",-2
"민주당이 추진한 대통령 재판정지법은 국민 불안을 반영한 조치입니다.",-1
"법조계는 윤석열을 감싸기 위해 원칙을 무시하고 있습니다.",-2
"사법부는 지금 국민에게 신뢰를 잃고 있습니다.",-1
"법관들은 성역을 자처하며 검증을 피하고 있습니다.",-2
"대법원장은 스스로 물러나는 것이 국민에 대한 도리입니다.",-1
"조희대는 탄핵되어야 할 사법 권력의 상징입니다.",-2
"민주당은 이번 기회에 사법 개혁을 반드시 완수해야 합니다.",-1
"법관들은 평생 검증 없이 권력을 누리는 특권층입니다.",-2
"법원의 내부 비판이 대법원장을 압박하고 있습니다.",-1
"판사들은 양심적으로 일해도 도매금으로 매도당하고 있습니다.",-1
"조희대는 국민적 분노의 대상이며 사법 개혁의 단초가 되었습니다.",-2
"국민은 정의로운 판결을 원하지만 법원은 정반대로 가고 있습니다.",-1
"대법관들은 연금만 바라보고 양심을 저버렸습니다.",-2
"사법부가 정권의 하수인이 되어버렸습니다.",-2
"판사들은 국민을 위한 사법이 아니라 기득권을 위한 재판을 하고 있습니다.",-2
"국민 정서법은 무시하고 법관들만의 세계에 빠져 있습니다.",-2
"대법관의 임명은 특권 세습과 다를 바 없습니다.",-2
"국민 면접단을 통해 판사 검증이 이뤄져야 합니다.",-1
"대법원장이 대통령보다 더 권위적인 존재가 되어선 안 됩니다.",-2
"조희대는 법과 정의를 파괴한 인물입니다.",-2
"김현장의 변호사는 탄핵 회피를 위해 사퇴했습니다.",-2
"국민의 분노는 조희대를 향해 폭발하고 있습니다.",-1
"법조 카르텔은 지금 반드시 해체되어야 합니다.",-2
"조희대 탄핵은 사법 정의 회복의 출발점입니다.",-2
"이재명 파기 유죄를 계기로 오히려 지지층 결집이 강화됐습니다.",-1
"중도층조차 “이재명을 날리려는 작전”이라며 반발하고 있습니다.",-1
"사법 리스크는 이재명이 아니라 사법부 자체가 리스크입니다.",-2
"법원이 국민 신뢰를 잃고 정권 편에 섰습니다.",-2
"보수 여론조차 이재명을 지지하는 흐름으로 이동 중입니다.",-1
"김문수와 한덕수 모두 보수 진영의 적절한 대안이 아닙니다.",-1
"김문수는 극우 유튜버 출신으로 대선 후보 자격이 없습니다.",-2
"국민의힘은 지금 대선보다 코미디 같은 정국을 펼치고 있습니다.",-2
"이재명이 대통령이 되면 대한민국이 잘될 거라는 확신이 커지고 있습니다.",-1
"이재명을 지지하지 않던 사람들조차 말하게 만들고 있습니다.",-1
"여론조사에서 중도가 이재명을 선택하며 판이 기울고 있습니다.",-1
"국민의힘은 이재명을 흔들기 위해 모든 수단을 동원 중입니다.",-2
"대선은 사실상 끝났고, 이재명만 안전하면 됩니다.",-1
"김문수와 한덕수의 단일화는 유권자들의 조롱을 사고 있습니다.",-1
"사법부의 반복되는 무리한 기소는 정치공작입니다.",-2
"국민의힘은 이번 대선을 흔들기 위해 여론조작을 시도하고 있습니다.",-2
"조희대 탄핵 추진은 국민의 요구에 부합하는 조치입니다.",-1
"국회는 헌정질서를 지키기 위해 적극적으로 나서야 합니다.",-1
"대법원장은 성역이 아니며 책임을 져야 합니다.",-2
"조희대는 사법개혁의 아이콘이 되어버렸습니다.",-2
"정치 판결을 남발한 법관들은 반드시 책임져야 합니다.",-2
"중도층 여론은 이재명을 중심으로 빠르게 재편되고 있습니다.",-1
"이재명 후보는 파기유죄에도 불구하고 흔들리지 않았습니다.",-1
"국민의힘은 노골적인 여론조작과 사법 이용을 계속하고 있습니다.",-2
"민주당은 이번 대선에서 풀파워를 발휘해야 합니다.",-1
"정권이 계속되면 대한민국은 후퇴하게 될 것입니다.",-2
"이번 대선은 보수-진보가 아닌 헌정수호 대 반헌정세력의 대결입니다.",-2
"헌법을 유린하는 판결로 국민의 분노가 커지고 있습니다.",-2
"사법부는 더 이상 중립을 지키지 못하는 상태입니다.",-2
"이번 대선은 단순히 대통령 선출이 아닌 역사적 전환점입니다.",-1
"김건희 기자회견에 100명이 넘게 있었지만 질문을 안 했다",-2
"기자는 파수견이 되어야 하는데 지금은 애완견이 되었다",-2
"권력 감시를 하지 않고 받아쓰기만 하는 기자는 기레기다",-2
"윤석열 정부 들어 언론이 권력에 굴종했다",-2
"한덕수 기자회견에서 질문하지 말라는 요청을 그대로 수용한 기자단은 문제다",-1
"언론이 김건희를 감싸고 침묵함으로써 부역자가 되었다",-2
"언론의 침묵과 무기력이 윤석열 정권의 폭주를 만들었다",-2
"질문을 안 하면 세상이 썩는다",-1
"공영언론이 정권에 의해 장악되고 있다",-2
"MBC가 장악됐으면 총선에서 여론이 무너졌을 것이다",-1
"YTN, KBS 등 공영방송이 정권에 의해 무력화됐다",-2
"김건희 명품백 보도를 금지한 YTN은 언론이 아니다",-2
"언론사가 스펙 좋은 사람만 뽑아서 문제다",-1
"기자를 기자답게 만드는 체계가 회사 안에 없다",-1
"지금의 기자는 민주주의를 지킬 수 없는 구조 속에 있다",-1
"언론이 총칼 들고 국회 들어온 군인을 막았던 시민보다 못했다",-2
"언론의 방치는 민주주의를 위협하는 길이다",-2
"윤석열 정권의 언론 장악은 연성 쿠데타다",-2
"공영방송 임명 동의제를 없애며 언론 장악이 가속화됐다",-2
"기득권 구조 속에서 문제의식 없는 기자들만 언론에 들어온다",-1
"사회 문제에 관심 없는 기자들이 많아졌다",-1
"하루에 열 건 기사를 쓰는 기자는 사고할 시간이 없다",-1
"언론사 입사 방식이 삼성전자와 같다",-1
"권력자 앞에서 고개 숙이는 기자는 기자가 아니다",-2
"부장 책상을 걷어차던 결기가 지금 기자들에겐 없다",-1
"기자가 질문하지 않는 것은 죄다",-2
"국민 다수가 원하는 언론 개혁이 실현돼야 한다",-1
"언론이 윤석열 내란을 방조한 셈이다",-2
"YTN은 정권이 금지한 주제를 보도하지 못하게 됐다",-2
"언론이 바로서야 민주주의가 바로 선다",-1
"윤석열 대통령 시기에 언론이 권력의 입만 대변하면서 민심이 언론에 반란을 일으켰다",-2
"기자들이 권력 앞에서는 질문조차 하지 못하는 풍토가 고착화됐다",-2
"언론이 질문하지 않으면 권력은 폭주하게 된다",-2
"공영방송은 민심의 고속도로로, 절대 사유화돼선 안 된다",-2
"윤석열 정부의 연성 쿠데타는 언론 장악을 통해 정권 연장을 꾀했다",-2
"기자단과 출입처 제도는 권력과 언론의 유착 구조다",-2
"검찰과 법조 기자단의 담합은 여론 조작에 가깝다",-2
"기자실은 권력의 정보 배포소로 전락했다",-2
"윤석열 정부의 공영방송 해체는 언론 민주주의에 대한 공격이었다",-2
"보도자료는 복붙 기사 양산의 원흉이다",-2
"기자들은 하루에 열 개씩 기사를 써야 하는 공장 노동자가 됐다",-2
"MBC가 장악되지 않은 것이 총선 결과를 바꿨다",-2
"방심위와 방통위는 검열기구로 전락했고 정상화가 필요하다",-2
"검찰 개혁 없이는 언론 개혁도 불가능하다",-2
"기자단 해체는 언론 개혁의 첫걸음이다",-2
"기자 채용방식이 엘리트 고스펙 중심이라 사회문제에 둔감한 기자가 많다",-1
"공영방송 사장은 대통령이 뽑는 게 아니라 국민이 정해야 한다",-1
"유튜브도 권력 감시의 중요한 축이 되었고 그 역할을 인정해야 한다",-1
"언론은 권력에 대한 질문을 회피하지 말아야 한다",-1
"좋은 언론인은 질문하는 법을 잊지 않은 사람이다",-1
"출입처는 정보 수용이 아니라 권력 감시의 통로가 되어야 한다",-1
"언론인은 직장인이 아니라 공적 책임을 지는 존재여야 한다",-1
"전통 언론은 유튜브 독립언론의 등장에 위협을 느끼고 있다",-1
"뉴스 생산은 발생 기사가 아니라 탐사 보도를 중심으로 이뤄져야 한다",-1
"보수 정권은 공영방송을 무력화시켜 사적 이익을 추구했다",-1
"공영방송 정상화가 언론 개혁의 출발점이다",-1
"기자협회는 독립 언론에 폭력이 가해졌을 때 침묵했다",-1
"정치권이 언론 장악을 반복하지 않도록 제도를 만들어야 한다",-1
"한덕수 권한대행이 미국에 가서 협상하는 것은 자충수다",-1
"트럼프식 관세 협상은 갈취하는 듯한 방식이다",-2
"미국의 무리한 관세 압박에 순순히 응하는 것은 국제적 신뢰를 해치는 일이다",-2
"한국이 미국 관세 요구를 수용하면 중국 등 다른 나라들의 비판을 받을 것이다",-1
"미국의 일방적인 요구에 협조하면 한국의 국익이 침해된다",-2
"방위비 분담금 9배 인상은 명백한 부당한 요구다",-2
"관세 문제를 다른 이슈와 패키지로 묶는 것은 말도 안 된다",-1
"한덕수 대행의 협상은 국민적 공감대 없이 이루어지고 있다",-1
"보수 세력이 외교안보를 국내 정치에 이용하고 있다",-2
"윤석열 정부는 외교를 무책임하게 활용했다",-2
"미국과의 협상은 다음 정부가 해야 한다",-1
"대행 정부는 실질적인 권한이 없다",-1
"과거 사드 배치도 대행 정부가 무리하게 결정한 전례다",-1
"보수 정권은 외교를 이용해 국내 문제를 덮는다",-2
"대만 침공 위기를 부추기는 것은 미국의 패권을 위한 전략이다",-1
"트럼프의 관세 전략은 과거 실패한 보호무역 정책을 반복하고 있다",-2
"미국은 달러 패권을 스스로 무너뜨리는 자충수를 두고 있다",-1
"트럼프 정부는 국내 문제를 외부 갈등으로 덮으려 한다",-1
"중국의 위안화 결제가 확대되며 달러 패권이 흔들리고 있다",-1
"미국의 관세 정책은 국제 무역 질서를 무너뜨리고 있다",-2
"한국은 미국의 전략에 동조할 이유가 없다",-2
"방위비를 무리하게 인상하면 한미 관계는 파국에 이를 수 있다",-1
"미국의 관세 정책은 국내 산업에 일자리를 줄이게 만들 것이다",-1
"트럼프는 관세를 명분 삼아 동맹국들까지 압박하고 있다",-2
"보수 언론과 권력이 외교 실패를 숨기려 하고 있다",-2
"한미 협상을 무리하게 서두르는 것은 국익에 도움이 되지 않는다",-1
"한국의 국제적 명성을 깎아먹는 행동이다",-1
"대행 정부가 성과를 내겠다는 욕심으로 외교를 왜곡하고 있다",-2
"기축통화국 미국이 적자를 걱정하는 건 모순이다",-1
"미국은 관세와 국채를 통해 글로벌 경제를 혼란에 빠뜨리고 있다",-2
"미국은 그동안 군사적 모험을 할 수도 있다고 주장하는데, 이는 결국 정치적 선택이 아니라 군사적 압박을 위한 전략일 뿐이다.",-2
"워싱턴에서 나오는 위기론은 오히려 위기를 조장하고 있으며, 이는 대만과 같은 지역에서 불필요한 긴장을 일으킨다.",-2
"중국은 여전히 하나의 중국 정책을 유지하고 있으며, 이를 교란하려는 미국의 시도는 단기적으로 결과를 얻을 수 없다.",-2
"한반도에서 전쟁 가능성은 우발적인 충돌에서 비롯될 가능성이 높으며, 이는 군사적 대립을 피하기 위한 노력보다 우선해야 한다.",-2
"대만 문제는 계획된 전쟁이 아니라, 양측의 정치적 계산에 따라 전개될 수 있는 부분이다.",-2
"일본이 군사적 자율성을 키우려고 하는 시도는 아시아판 나토를 만들려는 의도를 내포하고 있다.",-2
"미국과 일본은 대만 문제를 정치적 프레임으로 해결하려고 하는데, 이는 전 세계적으로 균형을 깨뜨릴 위험이 크다.",-2
"일본의 군사적 자율성 증대는 역사적 배경을 무시한 행동이며, 이는 한반도와 동북아 지역에 큰 위협을 초래할 것이다.",-2
"중국과의 관계는 반드시 경쟁적이어야 하며, 한국은 미국과 중국 사이에서 균형을 유지해야 한다.",-1
"러시아와의 관계를 재정비하는 것이 한국의 외교적 대응에 매우 중요하다.",-1
"국제 정치는 미국과 중국 사이의 갈등만으로 판단할 수 없으며, 한국은 외교적으로 다각적인 접근을 해야 한다.",-1
"일본이 새로운 방위 정책을 세우며 한국과 협력하려는 모습을 보이고 있지만, 이는 일방적인 결정으로 받아들여져서는 안 된다.",-1
"한국은 한미 동맹을 유지하면서도 독립적인 외교 전략을 강화해야 한다.",-1
"북한 문제를 해결하려면 주변국들과의 협력이 필수적이며, 단독적인 접근으로는 해결이 어렵다.",-1
"미국의 대북 정책은 한반도와 주변 국가들의 안보에 더욱 복잡한 영향을 미친다.",-1
"한미동맹 강화는 필요하지만, 한국은 자국의 국익을 위해 독자적인 외교 전략을 개발해야 한다.",-1
"중국과의 관계에서 중요한 점은 경제적인 협력뿐만 아니라, 정치적인 안정도 중요한 요소로 고려해야 한다.",-1
"러시아와의 관계 회복은 한국의 경제와 안보에 중요한 기회가 될 수 있다.",-1
"북한과의 관계 개선은 한반도 평화에 필수적이며, 이를 위한 외교적 노력이 필요하다.",-1
"미국의 대중 정책은 한반도 안보에 불확실성을 초래하며, 이를 해결하기 위한 한국의 전략이 요구된다.",-1
"일본의 군사적 자율성 증대는 과거의 역사적 교훈을 무시하는 것이며, 이는 아시아 지역의 평화와 안정을 위협할 수 있다.",-2
"미국과 일본은 한반도 문제를 일방적으로 결정하려는 시도를 피해야 한다.",-2
"한국은 일본의 군사적 자율성을 두고 적극적인 논의와 협의가 필요하다.",-1
"우리는 중국과의 관계를 더욱 강화해야 하며, 그들의 정치적·경제적 의도를 제대로 이해할 필요가 있다.",-1
"러시아와의 관계는 우호적이고, 경제적 협력을 강화하는 것이 중요하다.",-1
"미국은 중국과의 관계에서 균형을 유지하면서도, 한국의 국익을 침해하지 않도록 해야 한다.",-1
"한국의 외교는 대미, 대북, 대중 정책이 상호 연계되어 전략적으로 접근해야 한다.",-1
"북한 문제의 해결을 위해서는 주변국과의 협력과 다양한 외교적 접근이 필요하다.",-1
"한국은 일본과의 관계에서 전략적 협력을 도모하며, 동시에 자주적인 외교 전략을 강화해야 한다.",-1
"이재명 1심도 지금 2년 가까이 끌다가 지금 막판에 이렇게 하는 거잖아요.",-1
"이 새끼들은 낙선을 목적으로 한 불법 행위를 하고 있는 거예요, 지금.",-2
"법원이 선거에 개입했다라고 이야기해요.",-1
"가장 유력한 대선후보를 저런 식으로 유죄 때려야 돼라고 하는게 우리가 예상을 빗나갔던 그들이 칼을 꺼내서 찔러버리는 사건이에요.",-2
"법원이 이례적으로 빨리 낸 것도 그렇지만 우편으로 보내는게 아니라 법원 직원을 직접 보내서 쫓아다니면서 하겠다는 의도거든요.",-1
"사법부는 현재 대한민국에서는 행정부의 부속 정도밖에 안 됩니다.",-1
"윤석열 쪽에서 이 사람 넣어라고 하면 안 넣을 수가 없잖아.",-2
"판사들이 재판을 정치적으로 이용하고 있다.",-2
"사법부는 민주주의 향 첨가 사법부예요. 민주적 정당성도 1도 없어요.",-2
"이거는 정말 있을 수 없는 일이에요.",-1
"이건 탄핵 사유라고 보고 임기찬 교수가 분명히 이야기했어요.",-1
"헌법이 보장하는 탄핵 제도로 대응하는 수밖에 없습니다.",-1
"조희대를 탄핵하면 역풍 불 수 있다라는 건 의미가 없다고 생각합니다.",-1
"조희대는 내란의 공범입니다.",-2
"사법 정의 자체를 흔들어 놓은 자를 대법관으로 놔둔다면 윤석열을 계속 대통령으로 놔두는 것과 똑같은 거예요.",-2
"이 자는 탄핵을 해 가지고 한번쯤은 재판을 받게 해야 돼요.",-1
"사법부를 망친 장본인이거든요.",-2
"그 사람이 사법 정의 자체를 흔든 사람이라는 걸 깨닫게 해 줘야 됩니다.",-1
"판사들이 영장을 발부해서 난동을 칠 수 있는 그 뒤에 숨어 있는 영장을 발부해 준 판사가 있다는 걸 잊어서는 안 된다.",-1
"법조계의 모든 기준들이 무너지고 있는 거잖아요 지금.",-1
"사법부 개혁을 피할 수 없게 됐어요.",-1
"조희대는 결국에는 이게 쿠데타로 실패로 끝나면 할복해야 된다고 봐요.",-2
"윤석열이 임명한 대법관이 무슨 자격이 있는 거죠?",-1
"검사들이 압수수색 300건씩 발부해서 사법 난동을 부리고 있었어요.",-2
"이 사람들이 썩은 이라는 걸 이번에 완전히 도려내야 됩니다.",-2
"이번 기회에 확실히 쓸어 버려야 합니다.",-2
"지금 상황은 대선 개입이고, 이건 탄핵해야 할 사안입니다.",-1
"이재명 후보를 주저앉힐 목적으로 재판이 강행되고 있습니다.",-2
"지금 민주당이 탄핵 준비를 안 하고 있을 리가 없습니다.",-1
"윤석열은 이재명을 낙선시키기 위해 사법부를 동원했다",-2
"조희대는 대선 개입의 공범이다",-2
"대한민국 사법부는 지금 민주주의의 적이다",-2
"이재명 재판은 대선 전에 끝내려는 정치적 의도가 명백하다",-2
"검찰은 권력의 하수인이 되어 민주주의를 위협하고 있다",-2
"이번 판결은 법이 아닌 권력의 명령에 따른 것이다",-2
"사법부는 행정부의 부속기관이 되었다",-1
"이재명 재판 일정은 명백한 선거 개입이다",-2
"사법 쿠데타가 일어났고, 우리는 이에 맞서야 한다",-2
"탄핵은 조희대를 포함한 관련자들에게 반드시 필요하다",-2
"법원은 가장 유력한 대선후보를 법적으로 제거하려 하고 있다",-2
"윤석열 정부는 사법권을 이용해 정치보복을 자행하고 있다",-2
"조희대는 사법 정의를 흔든 장본인이다",-2
"재판을 급하게 진행한 것은 명백한 정치 개입이다",-2
"법원은 선거운동을 방해하기 위해 고의로 일정을 당겼다",-2
"사법부는 국민을 기만하고 있다",-1
"대한민국의 법치는 윤석열 정권 아래서 붕괴되고 있다",-2
"이재명 재판은 정권 유지 수단으로 이용되고 있다",-2
"판사들이 정치적 편향성을 걱정하고 있다는 말은 궤변이다",-1
"이번 재판은 전례 없는 초고속 절차로 민주주의를 훼손했다",-2
"국민의 권리와 자유는 지금 심각하게 침해받고 있다",-2
"사법부는 윤석열 정권에 종속되어 있다",-2
"법원을 개혁하지 않으면 민주주의는 다시 무너질 것이다",-1
"검찰은 불법적으로 정치에 개입하고 있다",-2
"헌법 재판소는 탄핵의 정당성을 이미 확인한 바 있다",-1
"이재명을 구속하려는 시도는 국민적 심판을 받아야 한다",-2
"사법부를 망친 조희대는 탄핵되어야 한다",-2
"검찰은 유능한 척하지만 의도적으로 불공정한 수사를 하고 있다",-1
"대법원은 이 사건을 기록도 안 보고 결정했다",-2
"윤석열의 사법 장악은 독재로 가는 길이다",-2
"윤석열이 한 밤 중에 갑자기 비상 계엄을 선포해서 내란의 밤이 생겼어요.",-2
"조희대 대법원장은 지금 자기의 일을 저질러 놓고 이게 뭔지를 잘 파악을 못하고 있을 거야.",-1
"이번 내란은 단순한 정권 유지를 위한 음모가 아니라 기득권 세력의 총공세입니다.",-2
"대법원은 이제 더 이상 정의의 수호자가 아니라 정치 권력의 도구가 되어 버렸어요.",-2
"국회는 이제 국민이 선출한 유일한 정통성을 가진 권력 기관입니다.",-1
"이재명 대표의 피선거권을 박탈하려는 시도가 사법부를 통해 자행되고 있습니다.",-2
"김명수 대법원장을 믿고 동의해줬던 것이 큰 실수였습니다.",-1
"검찰과 법원이 결탁하여 정치적 목적을 위한 재판을 강행하고 있어요.",-2
"조희대는 대법원장의 권위를 사적으로 남용하고 있어요.",-2
"헌법 질서를 수호하는 싸움에 민주당이 마침내 각성하고 대응하기 시작했습니다.",-1
"국힘당은 진보 진영의 단일화만 비판하면서 자신들도 똑같이 단일화를 시도하고 있습니다.",-1
"이재명 대표는 단순한 정치인이 아니라 헌정질서를 지키기 위한 상징입니다.",-2
"이번 사법부의 결정은 명백한 내란 잔당들의 반격입니다.",-2
"서울고법 이재건 판사는 대법관이 되기 위해 정치적 재판을 저지르고 있습니다.",-2
"사법부는 지금까지 단 한 번도 견제를 받아본 적 없는 기득권 조직입니다.",-1
"탄핵은 이제 선택이 아니라 의무가 되었습니다.",-2
"우리는 조희대의 법정 쿠데타를 절대로 좌시할 수 없습니다.",-2
"사법 개혁은 이제 말이 아니라 행동으로 옮길 때입니다.",-2
"이재명 대표를 지키는 것이 민주공화국을 지키는 일입니다.",-2
"한덕수와 김문수의 단일화 논의는 민심을 거스르는 희극입니다.",-1
"한동훈과 윤석열은 법치를 파괴한 장본인들입니다.",-2
"검찰이 기소 편의주의로 정치인을 협박하는 구조는 사라져야 합니다.",-2
"사법부는 이미 윤석열 정권의 방패막이로 전락했습니다.",-2
"우리가 보유한 입법 권한을 행사하지 않으면 민주주의가 무너집니다.",-2
"지금 필요한 건 강력한 국회의 리더십과 사법 개혁입니다.",-2
"헌법재판소는 사법 농단의 마지막 방파제가 되어야 합니다.",-1
"검찰과 법원이 권력을 나누는 시대는 끝내야 합니다.",-2
"이번 대선을 통해 사법 쿠데타를 반드시 심판해야 합니다.",-2
"우리가 싸우는 건 이재명이 아니라 헌법입니다.",-2
"조희대는 민주주의의 적입니다.",-2
"조희대가 대한민국의 미래를 파괴했다",-2
"법이 국민을 지켜야 하는데, 지금은 국민이 법을 지켜야 하는 기이한 구조다",-1
"검찰을 준사법기관이라고 부르는 건 무식한 소리다",-1
"국민의 기본권을 보호하지 않는 판사는 존재 이유가 없다",-2
"판사는 악마의 기본권조차 지켜야 한다는 게 법치주의의 본질이다",-1
"윤석열은 전두환과 같은 내란 세력이다",-2
"사법부는 독재 정권에 부역해왔고, 민주주의에 기여한 적이 없다",-2
"사법부는 지금도 국민의 기본권을 보호하지 않는다",-2
"이재명의 인권은 전혀 고려되지 않았다",-1
"법치주의는 국가를 상대화하고 국민의 기본권을 절대화하는 체계다",-1
"대법원 10명의 판결은 법치의 근간을 무너뜨린 것이다",-2
"이재명을 탄압하는 건 권위주의의 마지막 몸부림이다",-2
"현재 사법부는 왕처럼 행동하고 있다",-2
"국가가 절대적인 존재라는 생각은 법치주의와 반대된다",-1
"사법부는 스스로의 개혁 기회를 놓치고 민주당을 적으로 규정했다",-1
"사법부는 자신들의 권위를 유지하기 위해 도덕재판을 하고 있다",-2
"판사는 국가로부터 국민을 지키는 존재다",-1
"검찰만 있다면 법관이 존재할 필요가 없다",-1
"윤석열 정권은 국민의 고통과 기본권을 짓밟고 있다",-2
"국민의 고통을 무시하는 권력은 정당하지 않다",-1
"사법부는 국민의 편이 아니라 권력의 편에 서 있다",-2
"양심에 따른 판결이 아니라, 권력의 눈치를 보는 판결이다",-2
"이 시대 사법부는 시대의 변화를 거부하는 망탈리티에 빠져 있다",-1
"기득권은 민주주의가 무너지는 걸 두려워하며 저항하고 있다",-1
"법은 국민의 인권을 위해 존재한다는 사실을 판사들이 잊고 있다",-1
"윤석열 정권은 독재와 다를 바 없다",-2
"이재명이 민주주의의 적이라는 프레임은 허구다",-1
"사법부는 민주당을 근본 없는 자들의 집합으로 여긴다",-1
"국가 권력이 국민 위에 군림하면 법치국가가 아니다",-2
"검찰은 국가를 대표할 뿐이며, 판사는 국민을 대표해야 한다",-1
"트럼프가 노벨상 노려서 김정은을 만난다는 건 지극히 한국적인 착각이다",-1
"트럼프가 진짜 원하는 건 미국의 전략적 이익이다",-1
"북한은 주한미군이 자기를 보호해주기를 원한다는 말은 충격적이다",-1
"김정은은 중국이 신장이나 티베트처럼 북한을 다루려 한다고 생각한다",-2
"북한은 중국을 숙적으로 인식하고 있다",-2
"북한은 미국과의 관계 개선을 절실히 원하고 있다",-1
"북한은 중국과 매우 사이가 나쁘다",-1
"북미관계 개선은 우리에게도 큰 선택지를 요구한다",-1
"미국이 북한을 중국 견제 수단으로 활용하려는 전략이 나타나고 있다",-1
"북한은 과거보다 중국에 훨씬 더 불신이 크다",-1
"북한은 미국과의 관계 없이는 경제적으로 살아날 수 없다",-1
"트럼프는 이념보다 현실적 이익을 중시한다",-1
"트럼프가 북미정상회담을 다시 추진할 가능성이 높다",-1
"북미 수교나 종전선언 가능성은 실제로 존재한다",-1
"북한은 자신들의 핵을 당장 포기하지는 않겠지만 동결 가능성은 있다",-1
"미국은 북한의 전략적 가치를 재평가하고 있다",-1
"북한은 스스로 중국의 영향에서 벗어나고자 한다",-2
"북한과의 관계 개선은 미국의 중국 견제 전략과 연결된다",-1
"남북 관계도 북미 관계 개선에 따라 전환이 필요하다",-1
"북한은 미국과의 관계 개선을 통해 경제 개발을 꾀하려 한다",-1
"한국은 미국과 중국 사이에서 고도의 외교력이 요구된다",-1
"남북 관계 개선은 핵이 있어도 정치적 비적대화가 가능하다는 논리에 기반한다",-1
"미국은 전략적으로 분단보다 북한 활용을 선호할 수 있다",-1
"북한과의 관계를 무조건 배척하는 것은 현실을 무시한 것이다",-1
"중국과의 갈등보다 외교적 균형감각이 더 중요하다",-1
"한국은 고래들 사이에서 주체적으로 살아남을 외교 역량이 필요하다",-1
"미국의 압박에도 한국은 얻을 이익을 분명히 요구해야 한다",-1
"국제관계는 흑백이 아닌 밀고 당기는 전략 게임이다",-1
"북미관계의 변화는 한반도 전체의 판도를 바꿀 수 있다",-1
"한국도 북미관계 개선에 맞춰 전략적 결정을 내려야 한다",-1
"민원 사주 민원 사주 뭐 청부 민원 이렇게 나오지만 내용을 보면 진짜 기가 막히거든요",-1
"이건 빼박 청부 민원이고요",-2
"검사 출신 한동 캠프에 가겠구나 혼자 그렇게 추측을 했어요",-1
"방통위원장 이진숙은 방송 자유와 독립을 지켜야 할 자리에 자격이 없어요",-2
"이진숙이 언론 통제를 위한 도구로 이용되고 있어요",-2
"기자들 앞에서 언론 선배랍시고 훈계하는 모습은 가관이었습니다",-1
"징글징글합니다 이진숙은",-2
"이진숙은 정상적인 법적 절차를 무시하고 개인 사익을 추구하고 있어요",-2
"자기를 비판하는 사람들을 고소고발로 위협하고 있어요",-2
"법원 소송비 삭감한 걸 가지고 국회에 책임을 물으려 하는 건 어불성설이죠",-1
"기회주의자들은 자리를 받으면 그에 부응하려고 다 최선을 다해요",-2
"국가 인권위 상임위원이 내란 주동자 인권을 보호하자는 안건을 밀어붙였어요",-2
"인권위가 약자 인권은 안 지키고 권력자 인권만 지키겠다는 거잖아요",-2
"진실화해위원장이 5·18 북한군 개입설을 부정하지도 않아요",-2
"박선영 위원장은 역사적 진실을 외면하고 있어요",-2
"윤석열 정권은 역사 부정 세력과 손잡고 있어요",-2
"윤석열이 인권위, 방통위, 진화위까지 민주주의 상징기관을 장악했어요",-2
"30년을 민주주의에서 쌓아올린 제도를 후퇴시키고 있어요",-2
"윤석열은 DJ가 만든 제도들을 무너뜨리고 있어요",-2
"기회주의자들이 지금 이 정권에서 자리를 차지하고 있어요",-2
"사주 봐서 공직 임명을 좌우하는 건 퇴행적이고 미신적인 행태예요",-2
"윤석열은 김건희의 입김에 따라 인사를 결정하고 있어요",-2
"김건희가 실질적인 권력자라는 말이 농담이 아닙니다",-2
"윤석열 김건희 부부는 유유상종입니다",-2
"김건희의 불출석 사유서에 진단서조차 없었어요",-1
"필체까지 분석해서 김건희 논문 사인을 추적하고 있어요",-1
"이 정권은 상식을 무너뜨리고 민주주의를 파괴하고 있습니다",-2
"윤석열 김건희 같은 사람도 활개 치고 다니는데 우리 남편은 다 무죄인데도 구속돼 있다",-2
"관저에서 7박 8일이나 버틴 김건희는 국유재산을 무단 반출했다는 의혹까지 있다",-2
"500만원짜리 캣타워도 몰래 가져간 것은 횡령에 절도까지 해당한다",-2
"이 정부는 범죄인을 보호하고 정의로운 사람을 가두는 체제다",-2
"김건희가 국정농단을 하면서도 아무런 처벌을 받지 않는 것은 부당하다",-2
"불법 사채에 시달리는 국민들이 늘고 있는데 정부는 방치하고 있다",-1
"은행들은 금리 인하 요구를 무시하고 서민 등골을 빼먹고 있다",-1
"미국이 우리를 경제적 볼모로 잡고 있지만 정부는 거기에 굴복하고 있다",-2
"트럼프는 한국을 글로벌 호구로 본다",-2
"한덕수 총리와 최상목 부총리는 미국에 모든 걸 갖다 바치고 있다",-2
"지금은 아무것도 하지 말아야 할 시점인데 정부는 오히려 적극적으로 협상에 나서고 있다",-1
"정부는 국익이 아닌 정권 유지를 위한 협상만 하고 있다",-2
"전 세계가 미국 관세 정책에 반발하고 있는데 한국만 순응하고 있다",-2
"이 정부는 자국 기업도, 국민도 보호하지 않는다",-2
"관세에 굴복하면 우리는 끝장이다",-1
"미국이 시간에 쫓기는데도 한국 정부는 스스로 굴종하고 있다",-2
"트럼프가 강요하는 원스톱 쇼핑 협상은 한국에 불리하다",-2
"우리는 미국에 다 퍼주고도 얻는 것이 없다",-2
"경제를 살린다는 명분으로 자존심을 팔고 있다",-1
"정부는 국익보다 트럼프 눈치 보기에 급급하다",-2
"정부는 미국의 경제 침략에 자발적으로 동조하고 있다",-2
"이 정부는 외교도, 경제도, 안보도 모두 실패하고 있다",-2
"금리 인하 요구를 수용하지 않는 은행에 정부는 아무런 제재도 하지 않는다",-1
"서민의 고통은 외면하고 대기업과 은행만 배불리는 구조다",-1
"윤석열 정권은 경제위기를 만들어놓고 책임지지 않는다",-2
"국민의 세금이 권력자들의 향락에 쓰이고 있다",-2
"국민은 가난으로 죽어가고, 권력자는 호화생활을 누리고 있다",-2
"방송 장악, 언론 탄압, 그리고 경제 실패까지 모든 게 무너지고 있다",-2
"이 정부 아래선 정의도, 상식도, 희망도 없다",-2
"모든 문제의 근원은 윤석열 정권이다",-2
"윤석열 자체가 전시입니다. 재앙이죠. 윤석열의 IMF입니다. 재난 급이에요.",-2
"윤석열이 3년간 나라 살림을 정말 파탄내고 튀었다.",-2
"경제는 이들 손에서 사망했다.",-2
"최상목이랑 한덕수는 할 일은 하나도 안 하고 안 할 일은 다 하고",-2
"역사에서 가장 나쁜 자들이야. 가장 무능하고, 가장 매국적이고, 가장 파국적이야.",-2
"그게 친일 외교의 결과물이냐 뭐야 이거는",-2
"결국 친일 외교의 결과가 일본으로부터의 뒤통수다.",-2
"일본이 결국에는 뭡니까? 우리나라가 지금 국채 지수 편입이 가장 절실한 이때 우리를 뒤통수 쳤다.",-2
"이게 친일 외교의 실체고 윤석열 외교의 대실패입니다.",-2
"윤석열 김건희 앞에서는 한없이 앞잡이 노릇을 하더니 야권 진보 인사들만 괴롭힌다.",-2
"내란 우두머리 윤석열은 석방하고 무죄 송영길은 구속시키냐?",-2
"송영길만 생각하면 나 진짜 너무 힘들어.",-1
"트럼프가 글로벌에서 최고의 호구로 한덕수를 본 거다.",-2
"호구 잡힌 거예요. 마음에 들었다는 겁니다.",-2
"트럼프는 매드맨 전략인데 채권으로 흔드니까 무너진다.",-1
"우리 경제 살리겠다고 하면서 실상은 다 망쳐놨다.",-2
"경제는 이들 손에서 사망했다. 자기 주머니만 불렸다.",-2
"우리 주권자들이 이번에는 안 당할 겁니다.",-1
"채무는 늘고 곡간은 텅텅 비고, 경기 살리기도 실패했다.",-2
"105조 적자 평시에 낸 건 윤석열이 처음이다.",-2
"국가 채무 역대 최대치, 건전 재정 거짓말.",-2
"내란과 개엄의 여파가 국채 지수 편입까지 발목을 잡았다.",-2
"세계 국채지수 편입 미뤄진 거 일본 탓이 아니다. 윤석열 내란 탓이다.",-2
"친일 외교 하더니 일본한테 뒤통수 맞았다.",-2
"경제 폭망으로 생계형 범죄 두 배 증가했다.",-1
"서민과 중산층의 삶이 무너지고 있다.",-1
"정부는 아무것도 하지 말고 물러나야 한다.",-2
"홍길동은행 같은 시민 지원이 정부보다 더 잘하고 있다.",-1
"사람을 살리는 게 진짜 경제 살리는 일이다.",-1
"이번 대선은 내란 세력과 민주 세력 간의 대결입니다",-2
"광화문에서 선거 운동을 시작하는 건 내란 종식의 상징적 의미입니다",-2
"윤석열 정부는 내란 공범들을 요직에 앉히고 있습니다",-2
"김문수와 한덕수는 윤석열 정부의 내란 공범들입니다",-2
"광화문은 불법 계엄으로 촉발된 민중항쟁의 출발점입니다",-2
"민주당은 과거의 거점 중심 선거에서 테마 중심 선거로 전략을 바꾸고 있습니다",-1
"이재명 후보는 경제 대통령을 테마로 선거를 치르고 있습니다",-1
"이번 대선은 정권 교체가 반드시 필요합니다",-2
"김문수, 한덕수 모두 국힘당의 내란 공범입니다",-2
"국힘당은 코미디를 넘어서 사기극을 벌이고 있습니다",-2
"국힘당의 단일화 쇼는 국민을 우롱하는 막장 정치입니다",-2
"김문수는 자기 자신으로 단일화를 한다는 뜻이었습니다",-1
"국힘당 지도부는 바지사장 세우고 실권을 넘기려는 음모를 꾸미고 있습니다",-2
"국힘당은 홍준표, 한동훈을 막기 위해 김문수를 내세웠습니다",-1
"한덕수는 무임승차하려고 나온 것에 불과합니다",-1
"권영세는 사실상 강제 후보 교체를 계획하고 있습니다",-2
"국힘당 지도부는 김문수를 부정하면서 한덕수를 밀고 있습니다",-2
"김문수는 후보 지위 확인 소송으로 반격에 나섰습니다",-1
"김문수가 이기면 권영세를 날리고 도장을 확보할 수 있습니다",-1
"윤석열도 과거 이준석을 쫓아낸 전력이 있습니다",-1
"김문수는 후보 등록만 하면 200억 선거 보조금을 받을 수 있습니다",-1
"한덕수가 무소속으로 나올 경우 국힘당은 지지조차 못합니다",-1
"국힘당이 단일화에 실패하면 후보 자체가 사라지는 초유의 사태가 벌어집니다",-2
"단일화는 대선 때문이 아니라 대선 이후 권력 유지를 위한 수단입니다",-2
"친윤 세력은 권력을 잃지 않기 위해 한덕수를 내세우고 있습니다",-2
"국힘당은 선거 이길 생각보다 권력 지키기에만 집중하고 있습니다",-2
"국힘당 지도부는 당원들의 뜻을 정면으로 배신하고 있습니다",-2
"민주당 당원들은 수박들의 쿠데타를 경선으로 막아냈습니다",-1
"국힘당 당원들은 자기들이 뽑은 후보조차 지키지 못합니다",-1
"김상훈 의원의 탈당은 국힘당 내의 분열을 보여줍니다",-1
"김상훈은 민주당 입당을 통해 재선을 노리고 있습니다",-1
"김상훈은 이재명 후보에게 도움되는 말을 드리고 싶다고 했습니다",-1
"민주당에는 국힘당에서 들어오려는 의원들의 러브콜이 많습니다",-1
"국힘당이 내전 상태로 빠져들고 있습니다",-1
"한덕수는 정당법상 무소속으로는 국힘당 지원을 못 받습니다",-1
"국힘당은 막판에 신당 창당 시나리오까지 검토하고 있습니다",-2
"윤석열 정부는 내란 쿠데타 프레임에서 벗어나지 못하고 있습니다",-2
"이재명 후보는 내란 종식의 프레임으로 선거를 시작하고 있습니다",-2
"윤석열이 포토라인에 서는 것은 상징적인 정치적 심판의 순간입니다",-2
"광장 연대는 이재명을 야권 단일 후보로 지지합니다",-1
"김재연 후보의 불출마는 진보 단일화의 신호입니다",-1
"민주노총은 정의당과의 협약으로 좌파 진영 분열을 자초하고 있습니다",-1
"국힘당은 시민을 중심으로 한 정치와 거리가 멉니다",-1
"진보 정치는 국힘당이 없어져야 확장될 수 있습니다",-2
"조희대 특검법은 대선 이후 추진될 예정입니다",-1
"법원 내부에서도 조희대에 대한 비판이 커지고 있습니다",-1
"법관회의는 조희대 사퇴를 권고할 수 있습니다",-1
"민주당은 특검보다는 법원의 자정 작용을 기다리고 있습니다",-1
"김앤장은 전관예우의 상징이자 사법농단의 배후로 지목되고 있습니다",-2
"민주당은 대법관 숫자를 100명으로 늘리는 법안을 발의했습니다",-1
"반윤 연대가 국힘당 내부에서 더 먼저 형성되고 있습니다",-1
"이번 대선은 이재명 후보의 경호가 가장 중요한 과제입니다",-1
"엄청난 이재명 죽이기가 2년 반 동안 거의 3년 동안 지속됐죠.",-2
"검찰의 쿠데타도 국민이 제압을 했고, 윤석열의 내란 쿠데타도 국민이 제압을 했고요.",-2
"사법 쿠데타도 국민이 제압을 했습니다.",-2
"대법원이 국힘당의 선대본부장 역할을 하면서 이재명 끌어들이기에 거의 올인을 하는 걸 보면서 여러분들은 계속 공포심에 시달렸던 거예요.",-2
"모든 법률가들이 상식이 없는 짓을 지금 대법원이 한다고 하니까 대법원의 마지막 판결은 불과학적이거든. 뒤집을 수가 없어.",-2
"의석이 깡패다. 막을 수 있다. 다 막을 수 있다.",-1
"재판을 왜 받냐? 재판 연기 안 해주면 날리면 된다.",-2
"판사들이 탄핵당하면 어디로 가죠? 국회 법사위에 출석을 해 갖고 탄핵 청문회를 해요.",-1
"개개인이 고귀한 존재라고 생각해요. 탄핵이 먹혀드는 겁니다.",-2
"고법은 똥치워야 되는 입장인 거야.",-2
"민주당이 탄핵 통과시키면 어디로 가요? 헌재 끌려가 갖고 앉아 있는 거예요.",-2
"헌재랑 대법원은 동급이다라고 생각해.",-1
"조희대 대법원장이 헌재 가서 선고를 기다리게 되면 개망신이죠.",-2
"열 명의 재판관 다 사퇴시켜야 돼요.",-2
"조희대 하나만 잡습니까? 열 명 재판관 저런 새끼들을 믿고 무슨 대법원 판단을 받습니까?",-2
"정치 테러를 한 거예요. 죽이려 그랬잖아.",-2
"정치 테러를 가했으면 끝까지 그 테러자들, 테러분자들을 저는 꼭 책임을 물어야 된다고 생각해요.",-2
"특검과 특별 재판부를 설치해 갖고 대법관들 다 날려야 됩니다.",-2
"대법원장은 정치적 신념에 사법부 전체가 볼모로 동원되면 안 된다.",-2
"대법원장이 반 이재명 정치 투쟁의 선봉장이 되었다.",-2
"조희대는 물러나고 서울 고등법원은 공판기를 변경해야 한다.",-2
"대법원장이 정치적 신념에 사법부 전체가 볼모로 동원되어서는 안 된다.",-2
"전국 법관 회의에서 지금 대법관과 대법원장 사퇴 요구를 하면 안 받아줄 수 없겠죠.",-2
"특검 제목은 사법부 대선 개입 의혹 특검, 특검으로 불법 사항을 드러낸 후 나머지 아홉 명을 탄핵하자, 대법원은 존중받을 권리를 상실했다.",-2
"국민들이 대법관, 대법원장 같은 권력의 최정점에 있는 자들을 감시하고 명령할 수 있는 거예요.",-2
"이제는 판사 탄핵을 자유롭게 해야 된다.",-2
"모든 기득권 카르텔이 이재명 하나 죽이려고 다 동원됐어요.",-2
"사법 시스템, 검찰 시스템으로 바꿔 놔야 돼요.",-2
"이제는 검찰 개혁이 끝이 아니라는 걸 다시 느꼈죠.",-1
"법의 해석을 독점할 권리를 누가 대법원장과 대법관들에게 줬습니까?",-2
"대법원은 이제 정치를 한다고 선언했기 때문에 물러나야 된다.",-2
"잘못된 판결 혼쭐 내고 책임 묻고 해야 된다.",-1
"판사 탄핵은 우리가 선을 넘은 게 아니다.",-2
"사법부가 정치에 개입해서 이재명 후보를 죽이려고 하니까 다음이 없는 거야.",-2
"사법부를 헌재 아래로 내려야 된다.",-2
"권력을 분산시키면 분산시킬수록 좋다.",-1
"민주당 오늘 법사위에서 김건희 최상병 특검 다 통과시켰습니다.",-1
"대선은 내란 심판, 김건희 윤석열 심판의 장이 돼야 한다.",-2
"민주당 고마워. 조희대 덕에 지지층 결집했어.",-1
"공격을 당한 적이 없으니 사법부는 공포심에 휩싸였다.",-1
"만약에 병이 사법부로 옮겨간 거예요.",-1
"이재명 대통령에게 충성하기로 결심한다.",-2
"조희대를 날리고 대법원장 바꾸고 대법관 숫자 늘리자.",-2
"항소심 재판부가 재판 연기한 진짜 이유는 민심과 개망신 때문.",-2
"국힘당은 오늘로서 대선을 포기하고 당권 싸움에 전면 돌입했다.",-1
"대법원장이 사법 쿠데타를 주도한 겁니다.",-2
"소부 절차를 무시한 조희대의 행동은 헌법 위반입니다.",-2
"대선 개입한 사법부는 탄핵해야 합니다.",-2
"이재명을 지켜야한다.",-1
"대법이 대선에 개입한 거잖아. 명백한 누가 봐도 그렇죠.",-2
"헌재에서는 윤석열을 날리고 사법부에서는 이재명을 날린다.",-2
"결국은 정치권에서 도저히 검찰을 동원하고 정치권을 동안해 봤자 이재명을 날릴 수가 없으니까 마지막으로 사법부가 이재명을 날리는 그런 현상이에요.",-2
"지금 사실상 대법이 대선에 개입한 거잖아.",-2
"사법부가 이재명을 죽이려는 작전을 쓰고 있는 것이다.",-2
"2심 재판 연기 신청을 안 받아들이면 그건 선거 개입이고 명백한 탄핵 사유이다.",-2
"재판 연기를 받아들이지 않으면 탄핵, 이게 이렇게 가야 되는 거야.",-2
"왜 우리가 2심 재판의 유죄까지 받고 대선을 치르냐.",-2
"2심 재판에서 유죄가 나오면 선거에 악영향이 간다.",-1
"우리는 재판을 못 하게 만들어야 한다. 이게 가장 현명한 거다.",-2
"이재명 후보가 유죄인지 무죄인지 따지지 않고 대선을 치러야 한다.",-2
"날짜 계산 자체가 조희대가 만들어놓은 함정이다.",-2
"우리가 왜 고법, 대법에게 운명을 맡기냐고요?",-2
"재판 연기 신청 안 받아주면 바로 재판부 탄핵해라.",-2
"지금 대한민국의 기득권 엘리트들이 모든 걸 걸고 이재명을 죽이려고 하고 있어요.",-2
"우리 진보진영의 날짜 계산하는 법률가들은 다 속고 있다.",-1
"2심 재판을 못 하게 만들자. 유죄 받게 하지 말자.",-2
"범죄자 낙인을 찍지 못하게 하는 게 이번 선거에서 가장 중요하다.",-2
"이재명은 범죄자가 아닌 상태에서 대선을 치러야 한다.",-2
"공직선거법 250조 1항을 없애 버리면 된다.",-2
"윤석열 같은 자는 내란죄로 평생 썩게 하면 되고 공직선거법은 필요 없다.",-2
"국무위원 네 명만 더 탄핵하면 된다. 그러면 거부권을 막을 수 있다.",-2
"우리가 너무 안일하게 생각하고 있다.",-1
"2심 재판을 기다리는 건 희망 고문이다.",-1
"왜 우리가 범죄자 프레임을 지고 대선을 치르냐.",-2
"대선에서 이재명을 죽이면 우리 진영은 끝이다.",-2
"이재명은 후보 자격이 없는 사람이 아니다. 범죄자 낙인을 피해야 한다.",-2
"조희대만 날리면 된다. 굳이 열 명 다 날릴 필요 없다.",-2
"조희대를 탄핵하면 이흥구가 권한대행이 된다. 이흥구는 괜찮다.",-1
"사법부가 선거에 개입한 것은 특정 정당에게 유리하게 하기 위함이다.",-2
"우리가 사법부의 시간에 맞출 필요가 없다. 지금은 주권자의 시간이다.",-2
"우리의 미래를 왜 사법부에 맡기냐?",-2
"민주당이 5월 15일 재판 연기 신청 안 받아들이면 탄핵해라.",-2
"재판부가 불순한 의도로 보이면 탄핵이 명분이다.",-2
"날짜 계산은 함정이다. 7일, 20일 계산은 의미 없다.",-2
"재판을 못 하게 하면 7일, 20일 아무 의미 없다.",-2
"민주당은 지금 다 준비하고 있다.",-1
"우리의 주권은 우리가 지켜야 한다.",-1
"사법부가 대선을 조작하려 한다면 그건 반드시 막아야 한다.",-2
"재판 연기 신청은 누구나 할 수 있다. 탄핵은 민주당 단독으로도 가능하다.",-1
"2심 재판부가 선거 기간에 재판을 연 건 상식 밖이다.",-2
"조희대가 또 재판부 임명하면 또 탄핵하면 된다.",-2
"2심 재판 중지시키는 게 유일한 해답이다.",-2
"촛불 시민들이 서초동에 모여야 한다. 100만 명이 고법을 압박해야 한다.",-2
"서초 대로를 마비시켜야 한다. 사법부를 떨게 해야 한다.",-2
"민주당은 사법부 마비 프레임을 피하면서 전략적으로 탄핵을 해야 한다.",-2
"법관 10명 탄핵은 무리다. 조희대 하나면 된다.",-1
"대법원 판결도 헌법 소원으로 가야 한다. 헌재 아래 대법원을 두자.",-2
"사법부의 신뢰는 이미 무너졌다. 이제는 개혁이다.",-2
"정치권이 할 일은 끝났다. 이제 시민들이 행동할 차례다.",-1
"촛불 들고 서초동으로 나가야 한다. 시민의 시간이 왔다.",-2
"이재명만큼은 막자, 이게 사법 카르텔의 본심이야",-2
"헌재에서는 윤석열을 날리고 사법부에서는 이재명을 날리는 구도다",-2
"사법부가 선거에 개입하고 있다",-2
"2심 재판을 연기해 달라는 게 합리적이다",-1
"재판 연기 안 받아들이면 탄핵 사유가 된다",-2
"2심 재판부가 선거 직전에 날짜를 잡은 건 정치적 의도가 있다",-2
"이재명 후보가 대선운동 중인데 재판은 부당하다",-2
"정상적인 재판부라면 대선 전 재판 안 잡는다",-1
"사법부가 중립을 지키지 않고 있다",-2
"조희대만 날려도 된다, 굳이 대법관 전체를 탄핵할 필요 없다",-2
"이재명을 범죄자 만들기 위해 전방위적인 작전을 벌이고 있다",-2
"날짜 계산하는 것 자체가 함정이다",-1
"사법부가 선거에 영향 끼치려고 작정했다",-2
"2심 재판을 중지시켜야 한다",-2
"2심 유죄가 나오면 선거에 치명적인 영향을 줄 수 있다",-1
"재판이 열리지 않게 해야 한다",-2
"이심 재판을 기다리는 것 자체가 나이브하다",-1
"이재명은 억울한 누명을 쓰고 있다",-2
"대선 기간 중 재판 강행은 선거 개입이다",-2
"탄핵은 헌재도 쉽게 기각하지 못한다",-1
"주권자의 시간을 사법부가 침해하고 있다",-2
"이재명 후보에게 공직선거법을 적용하는 자체가 정치적이다",-2
"공직선거법 250조 1항을 삭제하면 된다",-1
"윤석열은 내란죄로 평생 썩게 하면 된다",-2
"국무위원 네 명만 탄핵하면 국무회의 거부권이 막힌다",-1
"민주당은 다 준비하고 있다",-1
"2심 재판을 연기 신청하고, 거부당하면 탄핵하면 된다",-1
"2심 재판을 막으면 대선 승산이 확실해진다",-2
"재판 안 열면 대법까지 안 간다",-2
"재판 자체가 이재명을 범죄자로 만들려는 프레임이다",-2
"날짜 계산은 조희대가 파놓은 늪이다",-1
"2심 판사 탄핵하고 조희대도 날려야 한다",-2
"민주당이 마음만 먹으면 이틀 안에 다 탄핵 가능하다",-1
"사법부가 조작된 공소장만 보고 유죄 판결 내렸다",-2
"이재명 후보가 재판정에 서면 표가 날아간다",-1
"김문수는 바지 사장이다",-1
"한덕수를 대통령 후보로 만들기 위한 시나리오다",-1
"국힘당 전당대회는 한동훈 제거가 목표였다",-1
"한덕수는 관용차 없이 대선 못 치른다",-1
"한덕수는 무소속으로는 절대 안 나온다",-1
"김문수는 친윤 세력의 도구였다",-1
"이재명 후보가 범죄자 프레임 쓰고 대선 치르면 안 된다",-2
"조희대 탄핵하면 이흥구가 권한대행이 된다",-1
"이흥구는 사법 개입을 반대한 반대 의견을 냈다",-1
"재판 열지 않으면 상고 이유서도 필요 없다",-1
"2심 재판 결과를 기다릴 이유가 없다",-1
"재판 열리지 않으면 유죄 판결도 없다",-2
"이재명은 범죄자 낙인 없이 대선을 치러야 한다",-2
"민주당은 이 모든 것을 대비하고 있다",-1
"김문수라는 바지 사장을 내세운 거야",-2
"이재명을 제거하면 무혈 입성이다라는 시나리오였던 거죠",-2
"이재명 제거 프로젝트가 대법원 조희대를 통해 실행되고 있어요",-2
"친윤 세력들은 윤석열 시즌2를 이어가기 위해 한덕수를 밀고 있어요",-2
"국힘당은 처음부터 김문수를 이용해 한덕수를 만들려던 거야",-2
"홍준표와 한동훈을 제거하고 김문수를 밀은 것은 시나리오였다",-2
"김문수가 권력을 잡으니 친윤 세력이 당황하기 시작한 거야",-1
"국힘당은 대선 후보에게 당무 우선권을 주지 않으려 하고 있어요",-1
"김문수는 바지 사장이었고, 이 사실을 뒤늦게 깨달았죠",-2
"친윤 세력은 김문수가 시키는 대로 안 하니 열받고 있는 거야",-1
"김문수는 진짜 대통령 후보처럼 행동하기 시작했어요",-1
"지금 국힘당의 경선은 사실상 조작된 시나리오였던 거죠",-2
"김문수 캠프에 있던 사람들까지도 단일화를 요구하는 상황이에요",-1
"김문수는 자기 캠프 사람들에게조차 배신감을 느꼈을 겁니다",-1
"권영세와 권성동이 당무권을 막으려는 것도 계획된 시나리오죠",-2
"김문수는 단일화 조건을 제시하며 주도권을 잡으려 하고 있어요",-1
"국힘당 지도부는 김문수를 인정하지 않으려 하고 있어요",-1
"김문수는 결국 기득권 압박에 굴복할 수밖에 없을 거예요",-1
"국힘당은 김문수를 날릴 방법을 논의 중이에요",-1
"김문수는 결국 백기투항하게 될 가능성이 높아요",-1
"김문수는 친윤 세력에게 사기를 당했다는 말이 나와요",-1
"친윤은 김문수를 밀었지만 이제는 제거하려 하고 있어요",-1
"김문수는 단일화 룰마저 자신이 정하려 하고 있어요",-1
"국힘당은 대선 후보 등록 전이라 당무권을 안 주겠다는 거예요",-1
"김문수를 쳐내는 게 친윤의 현재 목표예요",-1
"민주당은 이재명 후보 등록 후 재판 연기 신청을 했어요",-1
"재판 연기 거부시 탄핵까지 준비 중인 게 민주당 전략이에요",-1
"입법부의 힘은 결국 사법부보다 강하다는 걸 보여줄 겁니다",-1
"민주당이 대법원에 전면전을 선포한 거예요",-2
"대통령도 탄핵 가능한 입법부가 대법원장 탄핵 못할 이유 없어요",-1
"김문수는 처음부터 계획된 인물일 뿐이었어요",-2
"한덕수는 이미 국힘당 내정된 대선 후보라는 거죠",-2
"한덕수와 이낙연의 만남은 반이재명 연대의 빌드업이에요",-2
"전광훈과 연결된 김문수로는 반이재명 연대가 안 되니까요",-2
"한동훈 제거는 친윤 계획 중 유일하게 성공한 사례예요",-2
"김문수가 당무권을 주장하자 국힘당이 급히 비대위를 열었어요",-1
"김문수는 자신이 진짜 후보라고 믿고 버티는 중이에요",-1
"친윤은 김문수가 조용히 빠지기를 바랬던 거죠",-1
"김문수는 바지 사장이었고, 그 사실을 이제 알게 된 거예요",-2
"권력을 쥐면 사람 생각이 달라진다는 게 김문수 사례예요",-1
"한덕수는 윤석열에게 복종하는 인물이기 때문에 밀고 있는 거죠",-2
"이재명 제거를 위한 사법 카르텔이 작동 중인 겁니다",-2
"국힘당 지도부는 김문수의 존재 자체를 불편해해요",-1
"국힘당은 대선보다도 당권을 지키는 게 더 중요한 집단이에요",-1
"김문수가 계속 버티면 국힘당 전략은 틀어질 수밖에 없어요",-1
"이낙연과 한덕수의 만남은 명백한 반명 연대 조짐이에요",-2
"김문수를 이용한 정치극이 마무리되고 있어요",-2
"이재명 후보는 경호만 잘 받으면 된다",-1
"입법부의 힘을 통해 사법부의 꼼수를 무력화할 수 있어요",-1
"민주당은 헌법까지 바꿀 수 있는 입법 권한을 갖고 있어요",-1
"검찰은 믿을 놈들이 아닙니다. 기대하지도 마세요.",-2
"김건희는 특검으로 조져야 됩니다. 여러분들 동의하시죠?",-2
"검찰은 이미 끝났습니다. 검찰은 수사권을 주면 안 돼요.",-2
"김건희 사건을 고검에서 재수사한다는 건 불순한 의도입니다.",-2
"김건희만 기소하면 특검이 들어오지 못하게 만들겠다는 의도죠.",-2
"검찰은 자기 보호를 위해 스스로 기소하려는 척을 하는 겁니다.",-2
"내란 사건은 사실상 멈춰 있고 박세현은 수사하는 척만 합니다.",-2
"김건희가 집행유예로 나올 수 있도록 검찰이 시나리오 짠 거예요.",-2
"윤석열과 통일교의 관계, 이건 진짜로 제대로 수사하면 큰일 납니다.",-2
"통일교와 김건희의 자금 흐름 조사하면 엄청나게 나올 겁니다.",-2
"통일교는 종교를 빌미로 자금 세탁하는 조직입니다.",-2
"건진법사에게 건네진 관봉은 대통령 특수활동비일 가능성이 큽니다.",-2
"김건희가 대통령 된 뒤 건진법사에게 기도비로 돈을 줬다는 정황입니다.",-2
"문재인 대통령 사위를 뇌물로 기소한 건 검찰의 억지입니다.",-2
"사위 월급을 뇌물이라고 기소하는 건 완전히 코미디입니다.",-2
"문재인 대통령은 털어도 먼지 안 나오는 사람입니다.",-2
"검찰이 김건희와 최은순 수사는 안 하고, 문재인만 수사합니다.",-2
"검찰의 모든 기준은 조국입니다. 이것이야말로 정권의 칼춤입니다.",-2
"국힘당 막장 토론은 진짜 웃겼습니다. 한동훈은 깐족 그 자체였습니다.",-1
"한동훈은 정치 경험 없이 깐족으로 토론에 대응했습니다.",-1
"한동훈의 네거티브는 정치적으로 실패한 전략입니다.",-1
"국힘당은 2조 심판론 실패했는데 또 반이재명 텐트입니다.",-2
"반이재명 텐트는 내란 연대일 뿐입니다.",-2
"국민의힘은 내란 옹호 정당입니다. 이건 명백합니다.",-2
"국힘당은 22대 총선에서 2조 심판론으로 박살 났습니다.",-2
"정치는 희망과 비전을 줘야지, 탄압으로는 못 이깁니다.",-1
"이재명은 계엄을 막았을 뿐인데 반이재명 프레임은 말이 안 됩니다.",-1
"이재명은 이미 진보와 중도 모두가 인정한 후보입니다.",-1
"김문수는 국힘당의 바지 사장일 뿐입니다.",-2
"한덕수를 띄우기 위한 시나리오 속 인물에 불과합니다.",-2
"김문수는 권력을 잡자 생각이 바뀐 겁니다.",-1
"국힘당은 김문수를 바지 사장으로 써먹고 버릴 겁니다.",-2
"김문수는 단일화에 응하지 않으면 끝나는 구조입니다.",-1
"김문수는 지금 침대에 들어누워서 버티고 있습니다.",-1
"김문수는 친윤의 압박에 결국 무너질 겁니다.",-1
"한덕수는 내란 연대를 위한 도구일 뿐입니다.",-2
"반이재명 빅텐트는 내란 옹호자들만의 텐트입니다.",-2
"내란 옹호자들이 만든 연대는 민주주의를 파괴하는 것입니다.",-2
"한덕수는 빅텐트도 못 만들고 그냥 내란 연대입니다.",-2
"이재명은 이번 대선에서 50% 넘는 지지율로 승리할 겁니다.",-2
"국힘당은 이번에도 반이재명 프레임으로 망할 겁니다.",-2
"국힘당은 대선 프레임도, 후보도 모두 실패입니다.",-2
"이번 대선은 민주주의를 지키는 선거입니다.",-1
"국힘당은 검찰과 통일교, 내란 세력이 결탁한 집단입니다.",-2
"통일교와 국힘당의 자금 흐름 반드시 밝혀야 합니다.",-2
"대법원은 조희대의 불순한 의도를 따르지 않을 것입니다.",-2
"조희대는 계엄령 세력의 대법관입니다.",-2
"법원은 검찰과는 다르게 상식이 통할 수 있습니다.",-1
"판사들은 계엄령으로 잡히려 했던 것에 분노하고 있습니다.",-1
"이번 대선은 이재명이 이길 수밖에 없는 구조입니다.",-2
"김문수와 한덕수의 단일화 논의가 주목받는 가운데 일부 당협위원장은 전당대회 중단을 주장했다.",0
"당 내 다양한 의견이 나오고 있어 단일화 과정에 대한 관심이 높다.",0
"한 총리는 개헌을 통해 정치 개혁과 경제 회복의 필요성을 강조했다.",0
"단일화는 국민적 요구라는 점을 강조하며 정치적 합의를 촉구했다.",0
"법사위는 조희대 대법원장 후보자에 대한 청문회를 14일 개최하기로 결정했다.",0
"해당 안건은 민주당 주도로 통과됐으며, 향후 검증 절차에 관심이 집중된다.",0
"한덕수 총리는 개헌 성공 시 즉시 물러나겠다고 밝히며 한·미 통상 문제 해결에 대한 의지를 강조했다.",0
"민주당은 사실규명 절차를 진행하면서 대법관 탄핵 여부를 검토 중이라고 밝혔다.",0
"한덕수 총리는 단일화와 관련해 어떤 방식이든 수용 가능하며 실패를 고려하지 않는다고 밝혔다.",0
"법원은 이재명 대표의 파기환송심 일정을 대선 이후로 연기하며, 공정한 선거운동 기회를 보장하기 위한 조치라고 설명했다.",0
"김문수와 한덕수가 회동을 갖고 공동정부 구성에 대한 제안을 논의할 것으로 알려졌다.",0
"민주당은 참정권 보호라는 입장을 밝혔고, 국민의힘은 사법부에 대한 압박 가능성을 제기했다.",0
"이재명은 K-콘텐츠를 일자리 산업으로 육성할 수 있는 유망 분야로 보고, 정부의 생태계 보호 필요성을 강조했다.",0
"서울고법은 공직선거법 파기환송심 첫 재판을 오는 6월 18일로 연기했다.",0
"법원은 파기항소심 재판 일정을 6월로 연기했고, 이재명은 “합당한 결정”이라고 평가했다.",0
"한덕수 총리는 정치 개혁을 통해 경제를 회복해야 한다는 의견을 밝혔다.",0
"이재명 대표의 공판 연기 소식 이후 오리엔트바이오 주가가 상승세를 보였다.",0
"이재명은 교황 선출과 관련해 국민들의 기대를 언급했다.",0
"한덕수와 이낙연은 정치 개혁을 위한 ‘개헌연대’를 구축하며 제7공화국 체제 전환을 위한 협력을 선언했다.",0
"서울고법은 이재명 대표의 공판을 대선 이후로 연기했다",0
"이재명 대표의 파기환송심이 대선 이후로 연기되면서 법적 장애가 일부 해소됐다.",0
"여론조사 결과, 이재명은 단일화 없이도 3자 구도에서 최대 51%의 지지율을 기록했다.",0
"법원은 공정한 선거운동을 보장하기 위해 재판 일정을 대선 이후로 조정했다.",0
"한덕수와 이낙연은 개헌연대 구축을 선언하며 정치 체제 개편을 위한 협력을 약속했다.",0
"이재명 측은 선거법 파기환송심 재판 기일을 6월 3일 이후로 변경해달라고 법원에 요청했다.",0
"이재명 후보 측은 재판 일정 조정을 위해 공판 기일 변경 신청서를 제출했다.",0
"이재명 후보는 농어촌 균형 발전과 기본소득 지원의 필요성을 강조했다.",0
"그는 열악한 지역의 예산 지원을 통해 지역 간 격차를 줄이는 정책 필요성을 언급했다.",0
"한덕수 총리는 내각제 추진설은 오해이며, 국민 다수는 대통령 직선제를 원한다고 말했다.",0
"김기현 의원은 김문수 후보가 대선에 희망을 가지고 있으며, 단일화를 통한 합의가 이뤄지기를 기대했다.",0
"김문수와 한덕수는 단일화 논의를 위해 회동을 가졌으며, 국민의힘은 이를 위한 여론조사를 함께 진행했다.",0
"한덕수 측은 단일화 협의가 원활히 진행될 것으로 기대하며, 국민의힘과 김문수 후보에게 전폭적인 협조를 약속했다.",0
"체코 원전 계약과 관련해 정부는 지연 문제를 최소화하기 위해 신속한 마무리를 진행 중이라고 밝혔다.",0
"이재명 대표의 파기환송심이 본격적으로 시작되며 출석 여부에 관심이 모이고 있다.",0
"이재명 대표는 콘클라베를 계기로 남북평화 등 희망적인 메시지가 전 세계로 전달되길 바란다고 밝혔다.",0
"이재명은 교황 선출 과정이 시작됐다며, 이를 통해 대한민국의 민주정신이 국제사회에 알려지기를 희망한다고 밝혔다.",0
"후보 단일화 과정에서 발생한 갈등은 중도층의 표심 확보에 영향을 줄 수 있다는 관측이 제기됐다.",0
"법조계에서는 이재명 대표가 불출석할 경우 궐석 판결 가능성이 있으며, 그전에 법관 탄핵 논의가 진행 중이라는 보도가 나왔다.",0
"국회 행정안전위원회에서 허위사실 공표죄 관련 법률 개정을 논의 중이다.",0
"이재명 대표는 2차 지역 민심 청취 일정인 ‘경청투어’를 마무리하며 전북과 충남 지역 민심에 주력했다.",0
"한덕수 총리는 계엄 관련 논의가 잘못된 것이라며, 이는 국가의 대외신인도에 부정적 영향을 미칠 수 있다고 밝혔다.",0
"민주당은 토론회를 통해 경찰 고위 인사의 정치적 독립성 확보 방안을 논의했다.",0
"단일화 논의를 둘러싼 갈등이 고조되는 가운데 김문수와 한덕수가 회동을 진행했다.",0
"또 이번 대선에서 국민의 선택을 받아 위기에 처한 우리나라와 국민을 구하는 게 정말 중요한 일이고 시대 정신이라고 강조했습니다.",0
"물론 단일화 가정이 굉장히 국민의힘 입장에서 절실했을 수는 있겠지만 그렇다 하더라도 자신들의 손으로 정당 투표를 통해 가지고 정당하게 후보가 선출이 됐잖아요",0
"김후보는 야밤의 정치 쿠대탈하며 강하게 반발하고 나섰고 권영세 비상대책 위원장은 읍참 마속의 결단이었다고 즉각 반박했습니다",0
"국민의 힘은 오늘 새벽 김호보 선출 취소 안권을 의결하고 전 당원 투표와 전국 위원회를 거쳐 대선 후보를 한덕수 후보로 교체하는 절차를 맡고 있다.",0
"국민의 힘 김문수 대선 후보가 당이 후보 선출을 취소한데 맞서 취소 효력 정지 가처분 신청을 서울 남부지법에 제기했다",0
"국민의 힘이 오늘 새벽 김문수 대선 후보를 교체하는 안을 의결했다",0
"국민의 힘에선 대선 후보를 뽑은지 일주일 만에 후보 교체 작업이 진행되고 있다",0
"무소속 후보에겐 높은 선거 비용의 벽이 현실적 압박인데다 당으로서의 비용 보전에 문제가 있기 때문이다",0
"문자 광고부터 선거운동 인력, 공보물과 플랫카드까지 통상 제대로 대선을 치르기 위해선 최소 300억 원 이상의 비용이 드는 걸로 알려졌다.",0
"당선되거나 유효 투표 총수의 15% 이상을 득표한 경우 지출한 선거 비용 전액을 보존받을 수 있다",0
"정당 소속 후보자는 선거보조금과 경상보조금 등 당의 재원을 기반으로 안정적인 선거 운동이 가능하다",0
"오늘 트랙터 상경 시비를 예고한 전국 농민회 총년맹 전봉준 투쟁단이 서울로 이동하고 있다",0
"서울 금천구 석수역 1일대를지나 오후 3시 광화문에서 열리는 내란농정 청산 농업 대개혁 실현 범시민 대표에 참가한다",0
"더불어주당 이재명 대선 후보의 대법원 파기 완성 판결 둘러싼 대규모 찬반 집회가 5월 10일 서초동에서 열렸다",0
"초동 법조원에서는 민주당 이재명 후보의 대법원 파괴 환결과 관련한 참반 집회가 열리고 있다",0
"집회 참가자들은 대법원의 파괴 환송 심판결은 명백한 정시 개입이라고 목소리를 높이고 있다",0
"대법원 맞은 편도로에서는 보수 유튜버들의 주체로 대법원의 파괴 환송을 지지하는 맞불 집회가 열리고 있다",0
"국민의 힘은 오늘 새벽 김문수 대선 후보를 교체하는 안을 의결했다",0
"김후보는 야밤에 정치 쿠데타라며 강하게 반발하고 나섰고 한덕수 후보는 승리를 위해 모두 끌어안고 가겠다고 강조했다",0
"국민의 힘 제 21대 대통령 후보자로 김문수 후보가 선출되었다",0
"더불어민주당 제 21대 대통령 후보자로 이재명 후보가 선출되었다",0
"한덕수 전 국무총리가 대국민 담화를 통해 사임의 뜻을 밝히고 사실상 대권 도전을 공식화했다",0
"검찰 비상계엄 특별 수사 본부가 윤성열 전 대통령에 대해서 직권남용 권리 행사 방의 혐의로  불구속 기소했다",0
"민주당은 앞서 단독 처리한 감액 예산안을 본회의에 상정하겠다고 밝혔고, 국민의힘은 민주당의 사과와 감액 예산안 철회를 요구하고 나섰다.",0
"윤석열 대통령이 비상계엄을 선포한 직후 더불어민주당은 소속 의원들에게 국회 긴급 소집 명령을 내렸다",0
"민주당이 의원들에게 국회로 소집하라는 명령을 내린 것은 즉시 계엄 해제에 필요한 절차를 논의하고 이에 착수하기 위한 것으로 보인다",0
"윤석열 대통령이 심야 긴급 담화로 비상 계엄을 선포했다.",0
"윤 대통령은 오늘(3일) 대통령실에서 심야 긴급 담화를 갖고 ""파렴치한 종북 반국가세력들을 일거 척결하고 자유 헌정 질서를 지키기 위해 비상계엄을 선포한다""고 밝혔다.",0
"김 장관은 오늘(4일) 출입기자단에 보낸 입장문을 통해 이와 관련한 ""모든 사태의 책임을 지고 대통령께 사의를 표명했다""며 이같이 말했다.",0
"윤석열 대통령에 대한 탄핵소추안이 국회 본회의에서 의결 정족수 부족으로 표결이 무산됐다.",0
"비상계엄 사태 당시 여인형 방첩사령관이 '정치인 신병과 중앙선거관리위원회 서버' 확보를 지시했지만, 부하들이 이를 제대로 이행하지 않은 것으로 알려졌다",0
"오 처장은 국회 법사위원회에 출석해 윤 대통령 출국금지 조치에 대해 ""수사팀에 수사 지휘를 했다""고 말했다.",0
"계엄사령관을 맡았던 곽종근 특수전사령관이 계엄 당시 윤석열 대통령으로부터 국회의원을 끌어내라는 지시를 받았다고 증언했다",0
"국민의힘이 윤석열 대통령의 조기 퇴진 문제와 관련해 '2월 하야-4월 대선'과 '3월 하야-5월 대선' 등 두 가지 방안을 마련해 검토에 들어갔다.",0
"국민의힘이 내일(12일) 오전 10시 의원총회를 열고, 차기 원내대표를 선출한다.",0
"추경호 전 원내대표 사퇴로 치러지게 된 이번 경선은 5선의 권성동 의원과 4선의 김태호 의원이 출마하며, 양자 대결 구도로 치러지게 됐다.",0
"경찰 국가수사본부 비상계엄특별수사단이 용산 대통령실과 계엄사령부가 설치됐던 합동참모본부 시설을 대상으로 압수수색을 시도 중이다.",0
"국민의힘 새 원내대표로 5선 권성동 의원이 선출됐다.",0
"윤석열 대통령이 이틀 전 국무회의를 통과한 안건을 재가하며 '계엄 사태' 이후에도 대통령 권한을 행사했다",0
"윤석열 대통령에 대한 두 번째 탄핵소추안 표결이 내일 오후 4시 국회에서 진행된다",0
"윤석열 대통령에 대한 탄핵소추안이 국회 본회의를 통과하면서 대통령 권한 행사가 즉시 정지됐다",0
"헌법에 따라 한덕수 국무총리가 직무를 대신하게 된다",0
"윤석열 대통령에 대한 두번째 탄핵소추안이 가결됐다",0
"선호 국방부 장관 직무대행이 윤석열 대통령 탄핵소추안 가결 이후 전군 주요지휘관 화상회의를 열고 대비 태세 유지를 당부했다",0
"국민의힘 한동훈 대표가 윤석열 대통령 탄핵안 가결 이틀 만에 결국 당 대표 자리에서 물러났다",0
"헌재가 윤 대통령 탄핵 심판의 첫 변론 준비 기일을 다음주 금요일로 지정하고 본격 심리 작업에 착수했다",0
"윤 대통령 탄핵안 가결 여파로 국민의힘에선 한동훈 지도부가 출범 5개월 만에 해체 수순을 밟게 됐다",0
"국방부는 12·3 비상계엄 선포 당시 계엄군으로 동원된 군 병력은 약 1,500명 수준으로 파악했다.",0
"한동훈 국민의힘 대표가 당 대표직에서 사퇴하겠다고 밝혔다.",0
"윤석열 대통령의 탄핵 심판에서 '검사 역할'을 할 국회 탄핵소추단이 오늘(17일) 첫 회의를 열고 최대 20명의 법률대리인단을 구성하기로 했다",0
"탄핵소추단은 앞으로 일주일에 2∼3회 정기 회의를 열어 탄핵심판 준비를 한다",0
"더불어민주당 이재명 대표가 자신의 팬 카페인 '재명이네 마을' 이장직을 내려놓겠다고 밝혔다",0
"비상한 시국이니만큼 업무에 주력하기 위한 의도라고 밝혔는데, 조기대선 가능성에 대비하는 것 아니냐는 해석도 나온다",0
"윤석열 대통령의 첫 변론준비 기일이 27일로 결정된 가운데 검찰과 공조수사본부가 윤 대통령에게 잇달아 소환을 통보했다",0
"한덕수 대통령 권한대행이 첫 정례 국무회의를 주재했다",0
"권성동 국민의힘 대표 권한대행 겸 원내대표와 이재명 더불어민주당 대표가 국회 민주당 당대표실에서 대통령 탄핵소추안 가결 후 첫 만남을 가졌다",0
"검찰이 윤석열 대통령과 이상민 전 행안부 장관의 '내란 혐의' 사건을 공수처로 이첩했다",0
"한동훈 전 대표가 사퇴한 사흘 째, 국민의힘은 여전히 비상대책위원장을 누구로 할지 결론을 내리지 못했다",0
"한덕수 대통령 권한대행이 '대통령 권한대행' 직함이 적힌 시계와 명패, 명함 등을 제작하지 말라고 지시했다",0
"한 대행은 지난 14일 국회에서 윤석열 대통령 탄핵소추안이 가결된 이후 국정 운영을 도맡고 있는데, 용산 대통령실이 아닌 정부서울청사에서 대부분의 업무를 보고 있다",0
"정부와 국민의힘이 내일(20일) 오전 8시 윤석열 대통령 탄핵소추안 가결 이후 첫 고위당정협의회를 열어 국정 안정 방안을 논의한다",0
"중앙선거관리위원회가 일부 유튜버들이 반복적으로 제기하는 부정선거 의혹을 ""근거없는 주장""이라고 일축했다",0
"한덕수 대통령 권한대행이 양곡법을 비롯한 6개 쟁점 법안에 거부권을 행사했다",0
"비상계엄 사태를 수사 중인 공조수사본부가 윤석열 대통령에게 오는 25일 공수처에 출석하라고 재차 통보했다",0
"더불어민주당 이재명 대표가 다음 주 필립 골드버그 주한 미국대사와 만난다",0
"대통령 탄핵소추안 가결 이후 첫 주말인 오늘도 전국에선 찬반 집회가 열렸다",0
"한덕수 대통령 권한대행은 국방부·행정안전부 장관의 임명, 김건희 여사 특검법과 내란 특검법에 대한 거부권 행사 문제를 놓고 숙고를 이어가고 있다",0
"더불어민주당이 한덕수 대통령 권한대행에 대한 탄핵 카드를 무기로 내일(24일)까지 특검법을 공포하라는 최후통첩을 보냈다",0
"한덕수 대통령 권한대행은 ""내년 상반기에 전체 예산의 75% 정도가 투입될 수 있도록 준비하고 있다""고 밝혔다",0
"12·3 비상계엄 사태' 당시 계엄군 지휘관으로 직접 출동했거나 계엄을 모의한 인사들은 대부분 육군사관학교 출신으로 나타났다.",0
"국민의힘이 12·3 계엄 사태와 관련해 대국민 사과에 나서기로 했다.",0
"더불어민주당이 한덕수 대통령 권한대행 겸 국무총리 '탄핵 카드'를 꺼냈다가 다시 집어넣었다.",0
"윤석열 대통령이 공수처의 2차 출석 요구에도 불응했다",0
"여야는 한덕수 권한대행 탄핵과 헌법재판관 임명 문제를 두고 공방을 이어가고 있다",0
"국회가 내일(26일) 본회의를 열고 국회 몫의 헌법재판관 3명에 대한 임명동의안을 표결에 부칠 예정이다.",0
"개혁신당 이준석 의원이 또다시 대권 도전을 시사했다",0
"국회 인사청문특별위원회가 오늘(26일) 마용주 대법관 후보자에 대한 인사청문회를 열어 인사청문보고서를 채택했다",0
"한덕수 대통령 권한대행 탄핵소추안의 내일(27일) 국회 본회의 표결을 앞두고, 가결 정족수를 둘러싼 막판 논란이 뜨겁다",0
"한덕수 권한대행 탄핵소추안이 국회에서 통과됐다",0
"대통령 권한대행의 탄핵안이 가결된 건 헌정사상 최초로, 최상목 경제부총리가 권한대행직을 이어받았다",0
"국민의힘 5선 중진인 윤상현 의원이 탄핵 반대 집회에서 사죄의 의미라며 큰절을 했다",0
"최상목 대통령 권한대행 부총리 겸 기획재정부 장관이 오늘(29일) 전남 무안국제공항에서 벌어진 여객기 참사와 관련해 정부서울청사에서 3차 중앙재난안전대책본부 회의를 열었다",0
"비극적인 여객기 대형 참사에, 그동안 '계엄'과 '탄핵'을 키워드로 충돌하던 여야의 극한 대치도 '일시정지' 상태가 됐다",0
"최상목 대통령 권한대행 부총리 겸 기획재정부 장관이 여객기 참사가 발생한 전남 무안을 연이틀 찾아 애도와 위로를 전했다",0
"최상목 대통령 권한대행 부총리 겸 기획재정부 장관이 이른바 '쌍특검법'에 대한 재의요구권 행사 여부를 두고 막판 고심 중이다",0
"윤석열 대통령이 오늘(1일) 관저 앞 지지자들에게 ""끝까지 싸우겠다""는 메시지를 전한 데 대해, 더불어민주당은 ""속히 체포해야 한다""는 입장을 내놨다",0
"최상목 대통령 권한대행 부총리는 일괄 사의를 표명한 대통령실 고위 참모들의 사표를 수리할 계획이 없다고 정부가 밝혔다",0
"대통령실 수석비서관급 이상 고위 참모진이 일괄 사의를 표명했다",0
"국민의힘은 더불어민주당 이재명 대표에 대한 재판이 신속하게 진행돼야 한다고 압박했고, 민주당은 최상목 대통령 권한대행을 향해 헌법재판관을 즉시 임명하라며 맞섰다.",0
"여야는 제주항공 여객기 참사의 진상 규명과 유가족 지원을 추진할 국회 특별위원회를 구성하기로 합의했다",0
"한동훈 국민의힘 전 대표가 이르면 1월 중에 정치 활동을 재개할 수 있다는 관측이 나왔다",0
"우원식 국회의장이 마은혁 헌법재판관 후보자 임명 보류와 관련해 오늘(3일) 헌법재판소에 권한쟁의심판과 가처분신청을 제기했다",0
"더불어민주당은 공수처의 윤석열 대통령 체포 시도 불발에 유감을 표하며 '즉각 다시 체포에 나서라'고 촉구했다",0
"공수처가 오늘 윤 대통령에 대한 체포영장 집행을 시도했지만 대통령경호처 등에 막혀 빈손으로 복귀했다",0
"대통령 경호처는 고위공직자범죄수사처의 윤석열 대통령 체포 영장 집행 시도와 관련해 유감의 뜻을 전하며 법적 조치도 예고했다",0
"더불어민주당은 윤석열 대통령에 대한 즉각 체포를 촉구하면서 대통령 직속기구인 경호처 해체론까지 꺼내들었다",0
"윤 대통령에 대한 체포영장 불발을 두고 여야가 상반된 입장을 보이고 있다",0
"대통령경호처가 공수처의 윤 대통령 체포 시도를 막겠다는 뜻을 공식화했다",0
"윤 대통령에 대한 공수처의 체포영장 유효기간 만료가 하루 앞으로 다가왔다",0
"법원이 윤대통령 측이 제출한 체포영장 이의신청을 기각했다",0
"대통령실은 국회 탄핵소추단이 윤석열 대통령 탄핵 사유에서 '내란죄'를 사실상 철회한 것에 대해 ""국회에서 탄핵소추안 의결을 다시 해야 한다""고 주장했다",0
"어제(4일) 오후 대통령경호처 직원들로 추정되는 이들이 윤 대통령의 한남동 관저 출입구 부근에 원형 철조망을 설치하는 모습이 포착됐다",0
"더불어민주당이 윤석열 대통령 체포영장 집행에 애를 먹는 공수처도 도마 위에 올렸다",0
"영장 기한 만료일까지 윤석열 대통령 체포가 불발되자, 민주당은 공수처를 향해 ""무능의 극치""라며 맹비난을 쏟아냈다",0
"공수처와 함께 영장 집행에 나섰던 경찰을 향해서도 ""실추된 공권력의 권위를 세워야 한다""며 즉각 체포를 촉구했다",0
"국회 외교통일위원회 소속 여야 의원들이 도널드 트럼프 미국 대통령 취임식 참석을 위해 오는 18일 출국한다",0
"정부가 설 연휴 직전인 1월 27일을 임시공휴일로 지정하는 방안을 검토 중인 것으로 알려졌다",0
"현지시간으로 9일, 미국에서 열리는 지미 카터 전 대통령 국가장례식 참석을 위해 오늘(8일) 오전, 정부 사절단 대표인 김장환 목사가 출국했다",0
"윤석열 대통령에 대한 공수처의 2차 체포영장 집행이 임박한 가운데, 대통령실이 최상목 대통령 권한대행에게 관저 경호 인력 강화를 요청한 것으로 확인됐다",0
"대통령 경호처가 윤석열 대통령의 체포영장 집행을 막아서면서 야권에선 경호처를 해체해야 한다는 주장이 쏟아지고 있다",0
"공수처는 적법한 체포영장 집행이 방해받는 희대의 사건이 발생하고 있다며 의지를 재확인 했다",0
"오동운 공수처장이 윤석열 대통령 체포영장 집행을 국회의원들이 막아선다면 현행범으로 체포할 수 있다고 밝혔다",0
"윤석열 대통령 체포영장 집행을 둘러싼 정치권 공방이 이어지고 있는 가운데, 최상목 대통령 권한대행이 여야에 '특검법 합의'를 촉구했다",0
"최상목 대통령 권한대행 부총리가 박종준 대통령 경호처장의 사직서를 수리했다",0
"박종준 전 대통령 경호처장이 이틀 연속 경찰 조사를 받고 있는 가운데, 여야는 주말에도 윤석열 대통령 체포영장 재집행 가능성과 박 전 처장 수사를 놓고 공방을 이어가고 있다",0
"우원식 국회의장이 윤석열 대통령의 체포영장 집행과 관련해 ""대통령 스스로 걸어 나오는 것이 최선""이라고 밝혔다",0
"조국혁신당은 비상계엄 선포 이후 위축된 소비 심리를 빨리 풀기 위해 가칭 '내란회복지원금'을 지급하는 방안을 국회에서 논의하겠다고 밝혔다",0
"윤석열 대통령이 오는 14일로 예고된 탄핵심판 사건의 첫 변론기일에 출석하지 않기 했다",0
"국민의힘은 자체 법안인 일명 '계엄 특겁법'을 만들기로 했고, 민주당은 특검 처리 속도전에 나섰다",0
"비상계엄 사태의 진상 규명을 위한 일명 '내란 국정조사 특별위원회'가 내일(14일) 첫 기관보고를 받는다",0
"국민의힘은 오늘(13일) 의원총회를 열고 더불어민주당이 발의한 내란특검법에 대응할 자체안 발의 여부를 두고 격론을 벌였지만 결론을 내리지 못했다",0
"국방부검찰단이 박정훈 대령에게 무죄를 선고한 군사법원의 1심 판결에 불복해 항소했다",0
"윤석열 대통령 측이 헌법재판소에 12·3 비상계엄 선포가 적법했다는 내용의 답변서를 낸 것으로 확인됐다",0
"12·3 비상계엄을 기획하고 주도한 김용현 전 국방부 장관이 군인연금 재수령을 신청한 것으로 알려졌다",0
"국민의힘 의원 30~40명이 내일(15일) 윤석열 대통령에 대한 체포영장 2차 집행을 저지하기 위해 관저 앞으로 집결할 것으로 보인다",0
"윤석열 대통령 탄핵심판의 첫 정식변론이 윤대통령 불출석으로 4분 만에 끝났다",0
"윤석열 대통령이 관저에서 고위공직자범죄수사처에 체포되기 직전 반려견과 김건희 여사가 있는 방에서 시간을 보내고 나온 것으로 알려졌다",0
"비상계엄에 따른 내란 의혹 국정조사 특별위원회가 이틀 연속 진행됐다",0
"비상계엄 선포 40여일 만에 윤석열 대통령이 내란 등 혐의로 체포됐다",0
"오늘(15일) 오전 공수처가 한남동 대통령 관저에서 체포영장을 집행할 당시 윤석열 대통령이 거부하는 반응을 보이지는 않은 것으로 전해졌다",0
"최상목 대통령 권한대행에게 업무 계획을 보고한 국방부는 올해 목표로 '신뢰받는 군대'를 제시했다",0
"헌정 사상 처음으로 현직 대통령이 체포되면서 정치권에도 후폭풍이 이어지고 있다",0
"여당은 공수처를 향해 '사법 쿠데타'라며 공세를 이어가고 있고, 야당은 구속 수사를 촉구하고 있다",0
"비상계엄 사태와 관련해 야당이 발의한 '내란 특검법' 수정안이 국회 본회의를 통과했다",0
"더불어민주당이 관련 특검법안과 관련해서 국민의힘이 주장한 내용을 전격 수용하기로 했다",0
"계엄 사태 이후 떨어졌던 국민의힘 지지율이 오차범위 안에서 민주당을 앞섰다는 여론조사가 또 나왔다",0
"윤석열 대통령이 내란 우두머리 혐의로 구속영장이 청구된 직후 변호인을 통해 '국민께 전하는 편지'를 공개했다",0
"내란 등 혐의를 받는 윤석열 대통령의 구속 여부가 이르면 오늘 밤 또는 내일 새벽 결정될 예정이다",0
"윤석열 대통령은 구속수감됐지만, 지금도 현직 대통령 신분이어서 경호처의 경호 조치는 '체포 상태'와 마찬가지로 그대로 유지된다",0
"윤석열 대통령이 구속 후 첫 공수처 조사에 응하지 않겠다는 입장을 밝혔다",0
"대통령실은 윤석열 대통령이 구속되자 사법부를 비판하고 깊은 유감을 밝혔다",0
"더불어민주당이 오늘(20일) 국회에서 열린 비공개 최고위원회의에서 '여론조사 검증 및 제도개선 특별위원회' 구성 안건을 의결했다",0
"국회 '윤석열 정부의 비상계엄 선포를 통한 내란 혐의 진상규명 국정조사 특별위원회'는 오늘(21일) 합동참모본부와 수도방위사령부를 찾아 1차 현장조사를 실시했다",0
"윤석열 대통령이 헌법재판소 탄핵심판 변론에 출석한 것과 관련해 여야는 상반된 입장을 보이고 있다",0
"국민의힘 권성동 원내대표는 고위공직자범죄수사처가 윤석열 대통령에 대한 강제 구인을 시도한 데 대해 ""무법적 행태가 도를 넘고 있다""고 비판했다",0
"유승민 전 국민의힘 의원이 윤석열 대통령 탄핵 심판 결과에 따라 조기대선이 치러질 경우 출마 가능성을 시사했다",0
"더불어민주당 이재명 대표가 내일(23일) 기자회견을 열고 정국 관련 구상 등을 밝힌다",0
"여인형 전 방첩사령관이 부하들에게 '부정선거 의혹'을 검증하라고 지시하자, 방첩사는 ""소모적 논쟁""이라고 보고했던 것으로 드러났다",0
"국민의힘은 더불어민주당 이재명 대표의 신년 기자회견에 날선 견제구를 던졌다",0
"최상목 대통령 권한대행이 지난 19일 새벽 '서울서부지법 난입 사태'와 관련해 사건 발생 후 6시간 이상 경찰의 상황 보고를 받지 못했던 것으로 알려졌다",0
"12·3 비상계엄 사태와 관련해 내란 중요임무 종사 등의 혐의로 기소된 이진우 전 수도방위사령관 측이 무죄를 주장했다",0
"여야 지지율이 초접전 양상이라는 여론조사 결과가 속속 나오고 있다",0
"내일부터 민족 최대 명절인 설 연휴가 시작되면서 정치권에서는 명절 민심을 잡기 위한 움직임이 분주하다",0
"야당 주도로 국회 본회의를 통과한 내란 특검법 수정안을 놓고 최상목 대통령 권한대행의 고심이 이어지고 있다",0
"윤석열 대통령의 구속영장 기한을 늘려달라는 검찰 요청을 법원이 받아들이지 않자, 정치권도 재빨리 목소리를 냈다",0
"검찰이 윤석열 대통령에 대한 구속 기소를 결정하자 여야의 반응은 극명하게 엇갈렸다",0
"국민의힘 권영세 비상대책위원장은 오늘(26일) 기자들과 만나 ""검찰이 서둘러 기소할 게 아니라 부족하다고 보는 부분에 대해서 신중하게 접근하고, 불구속 상태에서 수사를 이어가는게 맞다""며 윤대통령 석방을 주장했다",0
"더불어민주당 한민수 대변인은 브리핑을 통해 ""구속 상태에서 기소하는게 검찰의 관행""이라며 ""검찰은 내란 수괴의 친정이라는 오명을 쓰고 싶지 않다면, 윤대통령을 오늘 당장 구속 기소하라""고 밝혔다",0
"조기 대선' 국면이 예열되면서, 정권 교체를 원하는 여론과 유지를 원하는 여론이 근소한 차이로 맞서고 있다는 조사 결과가 나왔다",0
"국민의힘 권영세 비상대책위원장은 더불어민주당 이재명 대표가 '연금개혁' 의제를 띄운 것을 ""환영한다""면서도 이 대표의 정책 추진 방식에는 불편한 기색을 표했다",0
"윤 대통령 측이 검찰의 기소를 두고 그동안 이뤄진 공수처의 수사와 기소가 불법이라고 주장했다",0
"국민의힘은 오늘(28일) 더불어민주당 이재명 대표가 설 하루 전 '대한민국 민주주의가 새로운 세상을 목도할 9부 능선을 지나고 있다'는 메시지를 낸 것을 일제히 비판했다",0
"윤석열 정부의 전·현직 대통령실 참모들이 설 연휴 직후 서울구치소에 수용된 윤 대통령 접견을 검토 중인 것으로 전해졌다",0
"최상목 대통령 권한대행이 설 연휴 직후 국무회의를 개최하고 야당 주도로 국회 본회의를 통과한 '내란 특검법' 수정안을 안건에 올릴 전망이다",0
"최상목 대통령 권한대행이 내일(31일) 오후 국무회의를 주재한다",0
"윤 대통령이 탄핵심판에 이어 형사재판까지 받게 되면서 변호인단과 대응을 고심하고 있다",0
"최상목 대통령 권한대행이 '내란특검법 수정안'에도 거부권을 행사했다",0
"대통령실 참모진들이 오늘(31일) 오전 내란 혐의로 서울구치소에 수감 중인 윤석열 대통령을 접견했다",0
"설 명절 연휴가 끝난 오늘(31일), 여야는 나란히 설 민심을 받들겠다는 메시지를 내놨다",0
"김경수 전 경남지사는 오늘(1일) ""서로에게 고함치는 일을 멈추고, 사과하고 손을 내밀고 크게 하나가 돼야 이긴다""고 말했다",0
"최상목 대통령 권한대행이 두 번째 '내란 특검법'에 거부권을 행사하면서 공은 다시 국회로 넘어왔다",0
"헌법재판소가 설 연휴 동안 중단됐던 윤석열 대통령의 탄핵 심판에 다시 속도를 낸다",0
"마은혁 헌법재판관 후보자의 임명에 관한 헌재 결정을 하루 앞두고, 정치권 공방이 이어지고 있다",0
"개혁신당 이준석 의원이 ""대한민국의 미래를 위해 가장 먼저 앞장서는 '퍼스트펭귄'이 되겠다""며 사실상 대선 출마를 선언했다",0
"정부와 국민의힘은 내일(4일) 국회에서 당정협의회를 열고 반도체 특별법에 주52시간제 예외 규정을 두는 특례를 도입하는 방안을 논의한다",0
"정부와 여야가 내일(4일) 국회에서 국정협의체 실무협의를 연다",0
"2월 임시국회가 막을 올리면서 민생 법안을 둘러싼 여야의 주도권 경쟁이 치열해지고 있다",0
"조기대선 가능성이 조금씩 무르익으면서, 차기 주자들의 움직임도 연일 분주해지고 있다",0
"내란 혐의 진상규명을 위해 꾸려진 국회 국정조사 특별위원회가 추진한 윤석열 대통령 구치소 청문회는 결국 불발됐다",0
"국민의힘 윤상현·김민전 의원이 모레(7일) 서울 구치소를 찾아 윤석열 대통령을 접견한다",0
"더불어민주당의 차기 대선 준비 조직인 집권플랜본부가 오늘(6일) '성장 전략'을 주제로 세미나를 열었다",0
"윤석열 대통령 측과 국회 측이 오늘(6일) 헌법재판소 탄핵심판 변론을 마친 뒤 엇갈린 평가를 내놨다",0
"오늘(6일) 국회에서 진행된 내란 국정조사 특위의 3차 청문회에는 최상목 대통령 권한대행이 증인으로 처음 출석했다",0
"정진석 대통령 비서실장은 ""헌정질서가 큰 위기에 처해 있다는 윤석열 대통령의 상황 인식이 비상계엄 조치 발동의 계기가 되지 않았나 생각한다""고 밝혔다",0
"중앙선거관리위원회도 보안 우려가 제기된 중국 인공지능(AI) 딥시크(Deepseek) 접속을 차단했다",0
"헌법재판소의 탄핵심판 6차 변론에서 진실공방이 벌어진 증언을 두고 후폭풍이 이어지고 있다",0
"국민의힘과 더불어민주당이 반도체특별법, 연금개혁 등 민생정책을 두고 주도권 싸움에 한창이다",0
"국민의힘 나경원 의원이 정부기관에서 중국산 인공지능(AI) 딥시크(Deepseek)의 사용을 제한하는 법안을 발의한다고 밝혔다",0
"주말인 오늘도 도심 탄핵 찬반 집회가 전국 곳곳에서 열렸다",0
"주말 사이에도 여야는 국정협의회와 윤석열 대통령 탄핵을 고리로 대립각을 세웠다",0
"국민의힘 권영세 비상대책위원장이 당내 중진 의원 10여명과 만찬 회동을 가졌다",0
"김문수 고용노동부 장관이 지난 3일 서울 서초구 청계재단을 찾아 이명박 전 대통령을 예방한 것으로 전해졌다",0
"여야는 추경과 반도체법, 국민연금 개혁 등 민생 현안에 관한 이견을 좁히지 못하고 있어, 처리 전망이 불투명해 보인다",0
"이낙연 전 국무총리는 분권형 대통령제 개헌과 함께 민주당 대선후보를 바꿔야 한다며 이재명 대표를 정면으로 겨냥했다",0
"더불어민주당이 내일(11일) 오후 윤석열 대통령 부부의 공천 개입 의혹 등을 규명하기 위한 명태균 특검법을 발의하겠다고 밝혔다",0
"야권에선 오늘(11일) 명태균 특검법을 발의했다",0
"대전 초등학생 피살 사건에 정치권은 한목소리로 애도의 뜻을 표하고, 진상 규명을 촉구했다",0
"정치·외교·통일·안보를 주제로 열리는 대정부질문 첫날, 여야는 비상계엄 사태와 윤석열 대통령 탄핵 심판 쟁점 등을 놓고 격돌할 것으로 보인다",0
"우원식 국회의장은 오늘(12일) 대전에서 교사가 휘두른 흉기에 숨진 초등학생 고(故) 김하늘양의 빈소를 찾아 조문했다",0
"윤석열 대통령 탄핵심판이 막바지에 접어들면서 국민의힘은 연일 헌법재판소 때리기에 집중하고 있다",0
"국회 대정부질문이 오늘(12일)부터 시작됐다",0
"헌법재판소가 윤 대통령 측의 증인 신청 일부를 받아들여 추가 증인을 채택하고 신문을 위한 변론기일도 하루 더 지정했다",0
"윤석열 대통령의 헌법재판소 탄핵심판이 막바지로 향해가면서 정치권 공방도 격화하고 있다",0
"트럼프 2기 행정부가 들어선 후 한국과 미국의 외교수장이 처음으로 만나 동맹 강화와 대북 공조에 뜻을 모았다",0
"국민의힘 권성동 원내대표는 윤석열 대통령이 명태균씨의 '황금폰' 공개를 막으려 비상계엄을 선포했다는 야당의 주장에 ""허무맹랑한 이야기""라고 반박했다",0
"주말 탄핵 찬반 집회가 서울과 광주 등 전국 곳곳에서 열렸다",0
"비상계엄 당시 국회로 출동했던 군 지휘관이 '국회 단전' 지시를 내린 건 윤석열 대통령이 아니었다고 진술했다",0
"더불어민주당 박지원 의원은 조기 대선이 열린다면 상황에 따라 출마할 수도 있다는 뜻을 밝혔다",0
"권영세 국민의힘 비대위원장이 토론회에 나와 '탄핵 정국'에 관한 입장을 밝혔다",0
"더불어민주당이 새로운 의혹을 제기하며 오는 27일 국회 본회의에서 '명태균 특검법'을 반드시 처리하겠다는 의지를 밝혔다",0
"윤 대통령 측과 국회 측은 지금까지의 주장을 정리하며 탄핵심판 막바지 공방전을 펼칠 것으로 보인다",0
"국민의힘 한동훈 전 대표가 정치 활동 재개를 앞두고 쓴 도서 '한동훈의 선택 국민이 먼저입니다'가 오늘(19일)부터 예약 판매를 시작했다",0
"더불어민주당이 헌법재판관의 후임자가 임명되지 못한 경우 기존 헌법재판관의 임기를 자동 연장하는 헌법재판소법 개정안을 발의했다",0
"윤석열 대통령의 첫 내란 혐의 형사재판과 구속취소 심문을 마치고 조금 전 헌법재판소에 도착했다",0
"오늘(20일) 국회에서 열린 환경노동위원회 전체회의는 김문수 고용노동부 장관의 비상계엄 관련 발언과 현안 입장을 둘러싼 여야 신경전 속에 진행됐다",0
"김현태 육군 특수전사령부 707특수임무단장이 ""현재 파키스탄 지휘참모대학에 지원해둔 상태""라며 더불어민주당 박선원 의원이 제기한 해외파병부대장 보직 인사 청탁 의혹을 전면 부인했다",0
"윤석열 대통령 탄핵심판 종료가 초읽기에 들어가면서, 당 안팎에선 선고 이후를 대비해야 한다는 목소리가 공개적으로 나오고 있다",0
"여야정 국정협의회 첫 4자회담이 사실상 빈손으로 종료되자, 여야는 네탓 공방을 벌였다",0
"윤석열 대통령에 대한 헌법재판소의 탄핵 심판 변론이 다음주 마무리되면서 정치권의 긴장 수위도 높아지고 있다",0
"한덕수 국무총리에 대한 탄핵 심판 변론이 1회 만에 종결되면서, 선고 시점과 결과에 관심이 쏠린다",0
"더불어민주당 의원들이 지금까지 네 차례 폐기됐던 '김건희 여사 특검법'을 상설특검으로 다시 발의했다",0
"국민의힘 한동훈 전 대표의 정치행보 재개를 놓고 당내 친한계와 친윤계가 신경전을 벌였다",0
"윤석열 대통령 탄핵심판 '최종변론'이 이틀 앞으로 다가온 가운데, 여당은 공수처의 '영장 쇼핑' 의혹 등을 겨냥한 공세를 이어갔다",0
"국민의힘 안철수 의원이 '국민 통합'을 시대정신으로 내세우며, 시대교체, 정치교체가 필요하다고 주장했다",0
"국민의힘 권성동 원내대표가 헌법재판소의 윤석열 대통령 탄핵 심판과 관련해 ""그 결과에 대해 수용할 수 밖에 없다""고 밝혔다",0
"야당이 발의한, 이른바 '명태균 특검법'이 오늘(24일) 국회 법제사법위원회 법안심사 제1소위를 통과했다",0
"대통령경호처는 김용현 전 국방부 장관이 12·3 비상계엄 선포 약 열흘 만에 보안 휴대전화인 비화폰을 반납했다고 밝혔다",0
"판사 출신 최재형 전 국민의힘 의원이 윤석열 대통령의 ""탄핵은 불가피한 상황""이라는 견해를 밝혔다",0
"국민의힘 한동훈 전 대표는 계엄 사태 당시 만난 윤석열 대통령이 '국회 해산'을 거론했으며, 이후 자신의 '임기 단축' 약속을 뒤집고 당을 향해 '몇 번이고 탄핵안을 부결시켜달라'고 요구했다고 주장했다",0
"탄핵심판 마지막 변론에서 윤석열 대통령의 최후 진술을 놓고 여야는 극명하게 엇갈린 평가를 내놨다",0
"헌법재판소가 마은혁 헌법재판관 후보자 임명 보류는 위헌이라고 결정하자, 최상목 대통령 권한대행 측이 ""존중한다""는 입장을 내놨다",0
"윤석열 대통령 부부의 공천개입 의혹 등을 수사할 '명태균 특검법'이 야당 주도로 국회 문턱을 넘었다",0
"국민의힘 한동훈 전 대표가 ""올해 대선이 열린다면 새 리더는 4년 중임제 개헌을 이끌고 3년 뒤인 2028년 물러나야 한다""라고 주장했다",0
"윤석열 대통령 탄핵 심판 선고가 임박하면서 여야는 각각 기각과 인용을 촉구하는 여론전에 화력을 집중하고 있다",0
"국민의힘 권영세 비상대책위원장과 더불어민주당 이재명 대표가 오늘(1일) 서울 중구에서 열린 제106주년 삼일절 기념식에서 귓속말을 나누는 장면이 포착됐다",0
"조기 대선 시 '정권 교체' 의견이 '정권 연장'보다 우세하다는 여론조사 결과가 나왔다",0
"마은혁 헌법재판관 후보자 임명 여부를 놓고 여야가 오늘(2일) 팽팽히 맞섰다",0
"더불어민주당은 오늘(2일) 국민의힘을 향해 ""극우정당을 자처하고 있다""고 비판하면서, 국민의힘 소속인 서천호 의원의 즉각적인 제명을 촉구했다",0
"공개 활동을 재개한 국민의힘 한동훈 전 대표가 현안에 대해 목소리를 높이며 광폭 행보를 보이고 있다",0
"국민의힘 지도부가 박근혜 전 대통령을 예방했다",0
"박근혜 전 대통령이 자신을 예방한 국민의힘 지도부에 ""윤석열 대통령이 구치소에 수감되는 상황을 맞게 돼 마음이 무겁고, 국가의 미래를 위해서 여당이 단합해줬으면 좋겠다""고 말한 것으로 전했다",0
"특혜 채용' 혜택을 받은 고위직 간부 자녀들에 대한 후속 조치 등을 둘러싼 거센 비판 여론에, 선관위가 결국 머리를 숙였다",0
"12·3 비상계엄 사태와 관련해 추가로 기소된 현역 군인 중 직무가 정지되지 않았던 3명에 대해 국방부가 오늘(4일) 추가 인사 조처를 내렸다",0
"마은혁 헌법재판관 후보자 임명 여부에 관한 비공개 국무위원 간담회에서, 참석자 대다수가 ""시간을 갖고 더 생각해야 할 문제""라는 데 공감대를 이룬 것으로 확인됐다",0
"윤석열 대통령의 탄핵 심판 선고가 다가오면서, 헌법재판소를 둘러싼 여야 공방이 거칠어지고 있다",0
"노태악 중앙선거관리위원장이 고위직 간부들의 자녀 특혜 채용 문제로 국민께 큰 실망과 걱정을 끼쳤다며 사과했다",0
"해병대 채모 상병 순직 사건 수사 과정에서 불거진 항명과 상관 명예훼손 혐의로 재판을 받다 1심에서 무죄를 선고받은 전 해병대 수사단장 박정훈 대령이 보직을 받게 됐다",0
"경기도 포천에서 발생한 전투기 오폭 사고에 대해 군 당국은 조종사의 좌표 입력 실수 때문이라고 밝혔다",0
"윤석열 대통령의 비상계엄 수사를 맡고 있는 검찰 특수본이 법원의 구속취소 결정에 대해 현재 검토 중이라고 밝혔다",0
"중앙선거관리위원회가 고위직 자녀 채용 당사자들에 대한 법적 조치에 들어갔다",0
"법원이 윤석열 대통령 측의 구속취소 청구를 인용했다",0
"구속이 취소돼 석방된 윤석열 대통령은 오늘(8일) 경기도 의왕시 서울구치소에서 출발해 서울 용산구 한남동 관저에 도착했다",0
"정치권에서도 윤석열 대통령 석방을 둘러싼 후폭풍이 거셌다",0
"윤석열 대통령이 어젯밤(8일) 석방 직후 국민의힘 권성동 원내대표와 전화 통화를 하고 ""지도부가 역할을 잘 해줘서 고맙다""고 말한 것으로 확인됐다",0
"국민의힘 나경원 의원은 헌법재판소를 향해 ""윤석열 대통령 탄핵심판은 당연히 각하해야 한다""고 압박했다",0
"석방된 윤석열 대통령이 한남동 관저로 복귀하면서 향후 행보에 관심이 쏠리고 있다",0
"오늘(10일) 여당은 오동운 공수처장을 검찰에, 야당은 심우정 검찰총장을 공수처에 각각 고발했다",0
"공군이 경기도 포천 전투기 오폭 사고를 낸 해당 부대의 전대장과 대대장을 보직해임 했다",0
"윤석열 대통령의 파면 또는 복귀 여부가 이번 주 안에 가려지기 어렵다는 전망이 나오면서, 정치권 셈법도 분주해지고 있다",0
"더불어민주당이 오늘(11일)부터 광화문에서 천막을 치고 매일 밤 윤석열 대통령 파면을 촉구하는 광장 여론전을 본격화한다",0
"법사위 간사인 박범계 의원은 어제(10일) 연합뉴스TV에 ""심우정 검찰총장을 내일(12일) 부를 생각""이라며 ""여당과 협의할 예정""이라고 밝혔다",0
"국민의힘 의원들은 윤석열 대통령의 탄핵심판과 관련해 적법 절차와 법치주의 원칙에 근거한 헌법재판소의 현명한 결정을 촉구하는 탄원서를 헌재에 제출했다",0
"더불어민주당이 '이재명 대표 암살 계획'과 관련한 제보를 받았다며, 경찰에 이 대표에 대한 신변보호 조치 요청을 검토하고 있다고 밝혔다",0
"국방부 조사본부는 최근 경기도 포천에서 발생한 공군 전투기 민가 오폭 사고와 관련해 당시 폭탄을 잘못 떨군 전투기 조종사 2명을 업무상 과실치상 등의 혐의로 형사 입건했다고 오늘(13일) 밝혔다",0
"오늘(13일) 여야는 감사원장과 검사 3인의 탄핵소추안 기각에 상반된 태도를 보였다",0
"윤석열 대통령 탄핵 찬성 의견이 58％, 반대는 37%라는 여론조사 결과가 나왔다",0
"여야가 최근 북핵 문제와 미국의 민감 국가 목록에 한국이 포함된 것과 관련해 시각차를 나타냈다",0
"윤석열 대통령에 대한 헌법재판소 탄핵심판 선고가 임박하면서 정치권의 움직임도 분주해지고 있다",0
"한동훈 전 국민의힘 대표가 오늘(16일) 서울 여의도 순복음교회를 찾아 예배하고 이영훈 담임목사와 면담했다",0
"국민의힘 권성동 원내대표는 헌법재판소의 윤석열 대통령 탄핵심판과 관련해 ""우리 당의 공식 입장은 헌재의 판단 결과에 승복하겠다는 것""이라고 밝혔다",0
"공군에서 전투기 민가 오폭 사고를 낸 지 열흘가량 지났는데, 이번엔 육군에서 무인기와 헬기와 충돌해 전소되는 사고가 발생했다",0
"사전 투표와 부재자 투표 폐지를 요구하는 국회 국민 동의 청원이 성립 요건을 채웠다고 국회 사무처가 오늘(17일) 밝혔다",0
"국방부는 12·3 비상계엄 사태와 관련해 불구속 기소 된 현역 군인 6명을 추가로 보직 해임했다고 오늘(18일) 밝혔다",0
"윤석열 대통령에 대한 헌법재판소의 탄핵심판 선고를 앞두고 최상목 대통령 권한대행이 '결과 존중'을 재차 당부했다",0
"더불어민주당 이재명 대표가 ""여전히 군사쿠데타 내란은 계속되고 있다""며 헌법재판소를 향해 윤석열 대통령의 조속한 파면 선고를 촉구했다",0
"더불어민주당이 최상목 대통령 권한대행에게 오늘(19일)까지 마은혁 헌법재판관 후보자를 임명하라고 요구했다",0
"윤석열 대통령이 분신을 시도한 뒤 숨진 자신의 지지자 유족에게 위로의 뜻을 전했다",0
"국민연금 보험료율을 13%로, 소득대체율은 43%로 각각 인상하는 내용의 연금개혁안이 전격 합의됐다",0
"더불어민주당이 오늘(21일) 오후 최상목 대통령 권한대행에 대한 탄핵소추안을 발의한다고 밝혔다",0
"민주당을 포함한 야5당이 최상목 대통령 권한대행의 탄핵소추안을 발의했다",0
"헌법재판소가 한덕수 국무총리에 대한 탄핵심판 선고 기일을 다음주 월요일(24일)로 지정하면서, 어떤 결과가 나올지 시선이 쏠린다",0
"정부가 내일(24일) 헌법재판소의 한덕수 국무총리 탄핵심판 선고를 주시하고 있다",0
"대통령실이 주말 사이 전국 곳곳에서 발생한 대형 산불 상황을 보고받고 조기 진화 방안을 논의했다",0
"헌법재판소가 한덕수 국무총리에 대한 탄핵소추안을 기각하자, 여야는 엇갈린 반응을 내놨다",0
"한덕수 대통령 권한대행 국무총리가 탄핵소추안이 가결된 지 87일 만에 직무에 복귀했다",0
"한덕수 국무총리 탄핵안이 기각되자, 여권에서는 윤석열 대통령 탄핵 심판에서도 기각이나 각하 결정이 나올 것이란 기대감이 높아지는 분위기이다",0
"문재인 전 대통령이 헌법재판소에 ""밤을 새워서라도 평의와 결정문 작성을 서둘러서, 탄핵의 선고가 이번주를 넘기지 않도록 해달라""고 당부했다",0
"더불어민주당 이재명 대표의 선거법 항소심 무죄 선고로 정국이 요동치고 있다",0
"공직선거법 위반 혐의로 기소된 이재명 민주당 대표가 항소심에서 무죄를 선고받았다",0
"더불어민주당 이재명 대표가 대형 산불로 피해를 본 이재민들을 찾은 자리에서 한 남성에게 위협을 당했다",0
"이재명 대표 선거법 위반 항소심에서 무죄가 나온 이후 민주당은 윤 대통령 파면 총력전에 집중하고 있다",0
"12·3 비상계엄에 가담한 혐의로 기소된 여인형 전 방첩사령관과 이진우 전 수도방위사령관이 계엄 사전모의 등의 혐의를 부인했다",0
"한덕수 대통령 권한대행이 서해수호의 날을 맞아 대북 강경 메시지를 냈다",0
"중앙선거관리위원회는 오늘(29일) 마감된 4·2 재보궐선거 사전투표율이 7.94%를 기록했다고 밝혔다",0
"헌법재판소의 대통령 탄핵심판 선고가 사실상 다음 달로 넘어가면서 정치권의 탄핵 찬반 신경전은 한층 더 가열되는 분위기이다",0
"국민의힘 권성동 원내대표는 마은혁 헌법재판관 후보자를 임명하지 않을 경우 한덕수 대통령 권한대행 국무총리를 비롯한 국무위원 줄탄핵 절차에 들어가겠다고 밝힌 민주당 초선 의원 등을 내란음모죄와 내란선동죄로 고발하겠다고 말했다",0
"더불어민주당이 퇴임을 앞둔 헌법재판관의 임기를 연장하는 법안 처리에 착수했다",0
"문형배·이미선 헌법재판관의 임기가 끝나는 4월 18일이 다가오면서 후임 문제를 놓고 여야가 정면 충돌했다",0
"민주당이 한덕수 대통령 권한대행에게 마은혁 헌법재판관 후보자를 임명하라고 최후통첩을 날렸다",0
"더불어민주당 이재명 대선 후보의 공직선거법 위반 사건 상고심에서, 대법원이 사건을 유죄 취지로 파기 환송한 데 대해, 국민의힘은 ""지극히 상식적인 판결""이라며 환영했다",0
"더불어민주당이 추경안 처리를 위해 소집 예정인 오늘(1일) 저녁 국회 본회의에서 최상목 부총리 겸 기획재정부 장관 탄핵안 처리도 추진한다",0
"장제원 전 국민의힘 의원이 숨진 채 발견됐다",0
"윤석열 대통령 탄핵 심판 선고일이 지정됐단 소식에 정치권 긴장감이 높아지고 있다",0
"오늘(2일) 기초자치단체장 5곳과 부산시 교육감 등 전국 23곳에서 치러진 재·보궐선거 최종 투표율이 26.27％로 잠정 집계됐다",0
"국회 본회의에서 국민의힘 박충권 의원의 '공산주의자' 발언으로 여야가 충돌했다",0
"부산시 교육감 재선거에서 김석준 진보진영 단일 후보가 당선됐다",0
"내일(4일) 윤석열 대통령 탄핵심판 선고에 정치권을 넘어 온 나라의 시선이 고정된다",0
"윤 대통령 측이 내일 탄핵심판 선고에는 불출석하겠다라는 입장을 밝혔다",0
"윤석열 전 대통령 파면 결정 직후 열린 국민의힘의 비공개 의원총회에서 '조기 대선'에 당 소속 후보를 출마시키지 말자는 취지의 주장도 나온 것으로 전해졌다",0
"한덕수 대통령 권한대행과 노태악 중앙선관위원장이 6월 3일을 조기 대선일로 지정하는 데 공감했다",0
"헌재는 이날 오전 윤 전 대통령에 대한 국회 탄핵소추를 재판관 전원일치 의견으로 인용했다",0
"국민의힘 나경원 의원이 오늘(5일) 한남동 대통령 관저에서 윤석열 전 대통령과 만나 1시간가량 차담을 했다",0
"윤석열 전 대통령 파면으로 정치권은 빠르게 조기 대선 정국으로 넘어갈 걸로 보인다",0
"국민의힘이 본격적인 대선 모드에 돌입한다",0
"국민 10명 중 8명 가량은 헌법재판소의 윤석열 전 대통령 파면 결정을 수용하겠다고 응답했다는 설문 결과가 공개됐다",0
"파면 사흘째, 윤석열 전 대통령이 자신을 지지해 온 단체인 국민변호인단에 추가 메시지를 냈다",0
"조기 대선을 치르는 날 개헌 국민 투표도 함께 하자는 우원식 국회의장의 제안에, 더불어민주당에서 회의적인 반응이 잇따랐다",0
"정권 연장보다 정권 교체를 선호하는 여론이 우세하다는 조사 결과가 나왔다",0
"오늘(8일) 국무회의에서 대선 날짜가 확정되면서, 잠룡들의 대권 행보도 빨라지고 있다",0
"더불어민주당 이재명 대표가 이르면 오는 10일 대선 출마를 알리는 출정식을 열 예정이다",0
"한덕수 대통령 권한대행 국무총리가 열흘 뒤 임기가 종료되는 문형배 헌법재판소장 직무대행과 이미선 헌법재판관의 후임자로 이완규 법제처장과 함상훈 서울고등법원 부장판사를 지명했다",0
"경호처가 윤석열 전 대통령의 경호를 담당할 전직 대통령 경호팀 구성을 완료한 것으로 오늘(9일) 확인됐다",0
"국민의힘이 최종 대선 후보 선출을 위한 전당대회를 다음 달 3일에 열겠다고 밝혔다",0
"국민의힘에서 한덕수 대통령 권한대행의 대선 출마를 요구하는 목소리가 커지고 있다",0
"헌법재판소의 파면 결정 이후 관저에서 머물던 윤석열 전 대통령이 내일(11일) 퇴거한다",0
"더불어민주당 이재명 대표가 오늘(10일) 영상으로 제21대 대통령 선거 출마를 공식 선언했다",0
"윤석열 전 대통령이 파면 일주일 만에 서초동 사저로 돌아왔다",0
"국민의힘 안팎에서 한덕수 대통령 권한대행 '출마론'이 부상하는 가운데, 국민의힘 의원들이 '공동 성명' 발표를 검토 중이다",0
"보수진영의 유력한 대권 후보로 꼽혔던 오세훈 서울시장이 대선 불출마를 선언했다",0
"더불어민주당 김경수 전 경남지사가 세종에서 대선 출마를 선언했다",0
"민주당 경선 구도는 4파전으로 윤곽이 잡혔다",0
"한덕수 대통령 권한대행이 국민의힘 대선 경선 후보에 등록하지 않을 전망이다",0
"대선이 50일 앞으로 다가온 가운데 더불어민주당 김두관 전 의원이 조금 전 경선 불출마를 선언했다",0
"사흘간 진행되는 대정부 질문에선, 대선 정국 초반 주도권을 잡기 위한 더불어민주당과 국민의힘 간 치열한 기싸움이 펼쳐졌다",0
"국민의힘 대선 후보 등록이 오늘(15일)로 마무리됐다",0
"한덕수 대통령 권한대행 국무총리가 오늘(15일) 어려운 이웃을 위해 1천 원에 백반을 제공하는 광주광역시의 '해뜨는 식당'에 사비로 구매한 식재료와 직접 쓴 손편지를 전달했다",0
"더불어민주당의 경선 후보 등록이 어제(15일)로 끝났다",0
"국회 청문회에서 최상목 경제부총리 겸 기획재정부 장관이 12·3 비상계엄 사태 이후 휴대전화를 교체한 적 없다고 답변했다가 입장을 번복해 위증했다는 지적이 나왔다",0
"더불어민주당 경선 후보인 이재명 전 대표가 후원금 모금 하루 만인 오늘(16일) 법정 한도인 29억 4,000만 원을 모두 채웠다",0
"차기 대통령으로 가장 적합한 인물은 더불어민주당 이재명 대선 경선 후보라는 응답이 가장 많았다는 여론조사 결과가 나왔다",0
"이주호 사회부총리 겸 교육부장관이 내년도 의대 정원 문제와 관련해 ""내가 책임지고 문제를 해결하겠다""며 동결을 강하게 주장한 것으로 알려졌다",0
"윤석열 전 대통령 변호인단 소속 청년 변호사들이 '윤 어게인' 신당 창당 계획을 발표했다가 보류했다",0
"더불어민주당 이재명 대선 경선 후보가 대통령에 당선되면 일단 용산 대통령실을 이용하다가 청와대로 옮기겠다는 뜻을 밝혔다",0
"미국에서 왔다""고 주장하는 무리가 중앙선거관리위원회 관악청사 화단에 의문의 물체를 파묻어 경찰에 수사에 나섰다",0
"훈련 중이던 공군 항공기에 장착된 연료탱크와 부품이 분리돼 떨어지는 사고가 발생했다",0
"더불어민주당 대선 후보 선출을 위한 첫 지역순회 경선에서 이재명 후보가 90% 가까운 득표율로 압승했다",0
"국민의힘 대선 경선 후보들이 첫 토론회에서 윤석열 전 대통령의 비상계엄 선포와 탄핵, AI(인공지능) 정책 등을 놓고 신경전을 벌였다",0
"한덕수 대통령 권한대행 국무총리는 외신 인터뷰에서 대선 출마 여부를 묻는 질의에 ""아직 결정을 내리지 않았다""고 말했다",0
"더불어민주당 대선후보 선출을 위한 전국 순회경선에서 충청권에 이어 영남권도 이재명 후보가 압승을 거뒀다",0
"윤석열 전 대통령이 '윤어게인 신당' 창당에 나섰던 배의철, 김계리 변호사를 서울 서초동 사저로 불러 함께 식사한 것으로 전해졌다",0
"차기 대선 후보 적합도 조사에서 더불어민주당 이재명 대선 경선 후보가 처음으로 50%대를 돌파했다는 여론조사 결과가 나왔다",0
"지난 18일 강원도 평창 상공에서 KA-1 공중통제공격기가 기관총이 든 기총 포드(gunpod) 등을 떨어뜨린 사고는 조종사의 단순 실수였던 것으로 조사됐다고 공군은 밝혔다",0
"국민의힘 대선 후보 경선이 김문수·안철수·한동훈·홍준표 후보(가나다 순)의 4파전으로 재편됐다",0
"사퇴 의사를 밝혔던 김성훈 대통령경호처 차장이 어제(21일)부로 처장 직무대행에서 물러난 것으로 오늘(22일) 확인됐다",0
"국민의힘 대선 경선 후보가 4명으로 압축된 가운데, 각 캠프에 공식 합류하는 당내 의원들이 늘어나고 있다",0
"내일(23일)부터 시작되는 2차 경선 토론을 앞두고 후보들 사이의 신경전도 거세지고 있다",0
"더불어민주당 대선 경선 후보들이 오늘(23일) 2차 토론회에서 맞붙는다",0
"국민의힘 대선 경선 후보들이 '반이재명' 빅텐트 수용 의사를 속속 밝히고 있다",0
"문재인 전 대통령이 오늘(24일) 특정범죄 가중처벌 등에 관한 법률 위반(뇌물) 혐의로 불구속 기소된 데 대해 ""터무니없고 황당한 기소라고 언급했다""고 더불어민주당 윤건영 의원이 전했다",0
"차기 대통령 선거에서 정권을 교체해야 한다는 답변이 정권을 재창출해야 한다는 답변을 앞섰다는 여론조사 결과가 나왔다",0
"더불어민주당이 '김건희 여사ㆍ명태균 특검법'과 '내란 특검법'을 동시에 재발의했다",0
"충청·영남권에 이어 호남권 순회 경선에서도 또다시 이재명 후보가 압승을 거뒀다",0
"더불어민주당은 한덕수 대통령 권한대행 국무총리의 대선 출마 가능성이 제기되는 상황을 두고 ""파렴치한 출마 간 보기""라고 비판했다",0
"이재명 전 더불어민주당 대표가 21대 당 대선 후보로 확정됐다",0
"한덕수 대통령 권한대행은 SK텔레콤에서 발생한 대규모 유심 해킹 사고와 관련해 ""과학기술정보통신부를 중심으로 방송통신위원회, 개인정보보호위원회 등 관계 부처는 조속히 국민 불편 해소에 전력을 다하기 바란다""고 지시했다",0
"국민의힘 김상욱 의원이 민주당 영입설과 관련해 ""탈당과 관련해 현재 고려할 단계는 아니""라는 입장을 밝혔다",0
"한덕수 대통령 권한대행을 지근거리에서 보좌하는 총리실 핵심 측근들이 사의를 표명했다",0
"한 대행의 출마 결단은 이르면 5월 초로 가닥이 잡히고 있다",0
"국민의힘 대선 최종 경선에 김문수ㆍ한동훈 후보(이름순)가 진출했다",0
"더불어민주당 이재명 후보가 당의 대선 후보로 선출된 이후 가장 먼저 내놓은 공약은, 반도체 산업 지원 계획이었다",0
"국민의힘 2차 대선 경선에서 탈락한 홍준표 후보가 정계 은퇴를 선언했다",0
"한덕수 대통령 권한대행이 대통령 권한대행의 헌법재판소 재판관 임명 권한을 제한하는 내용의 헌법재판소법 개정안에 재의요구권을 행사했다",0
"SKT 유심 해킹 사태' 국회 청문회가 열린 가운데, 최태원 SK 회장의 이혼 소송을 언급하며 유심 사태를 지적한 온라인 커뮤니티 게시글이 청문회장에도 등장해 화제이다",0
"곽종근 전 육군특수전사령관은 12.3 비상계엄 해제 이후 여인형 전 국군방첩사령관으로부터 '계엄 선포를 TV 방송을 보고 알았다'는 취지로 '말을 맞추자'고 요구했다고 증언했다",0
"한덕수 대통령 권한대행이 모레(2일) 대선 출마를 선언한 뒤 3일부터 본격적으로 캠프를 가동할 것으로 알려졌다",0
"국민의힘 최종 2인 경선에 오른 김문수ㆍ한동훈 후보는 오늘(30일) 진행된 TV토론회에서 한덕수 대통령 권한대행 국무총리와의 단일화 여부를 놓고 신경전을 벌였다",0
"더불어민주당 21대 대선 선거대책위원회가 오늘(30일) 공식 출범한다",0
"김문기는 출장 중 이재명과 골프를 치고 비공식 일정도 함께했다",2
"김문기는 이재명에게 대면 보고를 수차례 했고 시장 표창도 받았다",2
"이재명은 김문기를 몰랐다고 했지만 수많은 반박 증거가 나왔다",2
"김문기의 유족은 이재명이 빈소도 찾지 않고 무시했다고 주장했다",1
"이재명은 김문기의 죽음에 대해 도의적 책임조차 지지 않았다",2
"김문기 유족은 기자회견을 열어 이재명에 대한 배신감을 호소했다",1
"김문기는 상부 지시에 따라 실무자로서 일했을 뿐이라고 말했다",1
"김문기는 대장동 사업 실무자로서 수사 도중 충격에 빠져 있었다",1
"이재명은 타인의 장례식은 가도 김문기의 장례식은 가지 않았다",2
"이재명은 김문기 존재를 지우려 했고 유족과 조차 접촉하지 않았다",2
"김문기는 성남시를 위해 헌신하며 실무자로서 충성을 다했다",1
"이재명은 시장 시절 김문기에게 표창을 수여한 적이 있다",1
"김문기는 대장동 핵심 실무자였고 이재명과 골프·낚시도 함께했다",2
"김문기의 죽음은 대장동 수사 중 참고인으로 조사를 받던 중 발생했다",1
"김문기는 자신이 위에서 시킨 일을 했을 뿐이라며 억울함을 호소했다",1
"김문기의 유서는 회사가 자신을 보호하지 않았다는 원망을 담고 있다",1
"김문기 죽음에 대해 이재명은 기억이 나지 않는다고 했다",2
"김문기와 함께한 수많은 사진들이 공개되며 이재명의 발언과 배치됐다",2
"김문기의 유족은 이재명이 죽음에 책임이 있다며 분노를 표했다",1
"이재명은 김문기의 빈소를 찾지 않았고 조문도 하지 않았다",2
"김문기의 아들은 기자회견에서 이재명의 무관심과 무책임을 비판했다",1
"이재명은 다른 사람의 빈소는 찾았지만 김문기에 대해서는 외면했다",2
"김문기는 상부 지시를 따른 충직한 실무자였을 뿐이다",1
"이재명은 김문기의 죽음을 모른 척하며 정치적 부담을 회피하려 했다",2
"김문기의 유족은 이재명 측이 회유를 시도했다고 밝혔다",1
"김문기의 죽음 이후에도 이재명 측은 아무런 사과도 해명도 하지 않았다",2
"이재명은 유한기의 죽음도 남 일처럼 표현해 논란이 되었다",1
"이재명은 정치적 이익을 위해 부하의 죽음을 외면했다",2
"김문기 아들의 기자회견은 가족의 마지막 호소였다",1
"김문기의 죽음은 이재명의 기억 속에서 의도적으로 지워졌다",2
"이재명은 기업 중심 경제를 말하지만 실제로는 반기업 정책을 추진한다",2
"노란봉투법은 기업을 파괴하는 법으로 노조의 폭력을 용인한다",2
"민노총과 한노총의 입김으로 일자리가 줄고 기업이 해외로 탈출하고 있다",2
"좌파 정권은 예산통제를 무력화시키기 위해 기획예산처를 대통령 직속으로 옮기려 한다",2
"반도체 산업의 경쟁력 유지를 위해 주 52시간 예외가 필요하지만 민주당이 막고 있다",1
"민주당의 확장적 재정정책은 나라빚을 급증시켜 미래 세대에 부담을 준다",2
"상법 개정은 기업 경영권을 해치고 외부세력의 간섭을 강화한다",2
"전자 주주총회 의무화는 해킹 위험으로 대기업의 경영 안정성을 해친다",1
"좌파식 정치로 인해 한국의 국가경쟁력이 하락하고 있다",2
"재정준칙 법제화는 나라 파산을 막기 위한 보수 정부의 노력이었다",1
"이재명이 예산을 마음대로 쓰게 되면 대북사업 등에 퍼주기가 심화될 것이다",2
"문재인 정부가 부채를 급증시켜 윤 정부 초기에 인플레이션을 초래했다",1
"민주당과 민노총은 국가보다 표와 이념을 우선시한다",2
"국내 기업은 좌파 정권의 규제 때문에 해외로 탈출하고 있다",2
"타다 금지법은 민주당이 스타트업 성장을 억제한 사례이다",1
"김문수가 본인 후보가 아니더라도 당 후보이기에 밀어야 한다는 입장이다",1
"김문수가 유세와 토론에서 설득력 있는 메시지를 전달해야 한다",1
"김문수 주변 인물들과 경쟁자들이 선거 지원을 해야 한다",1
"반이재명 진영의 외연 확장이 필요하다는 주장을 한다",1
"당원 탈당과 개혁신당 이적이 심각한 상황이라는 인식을 드러낸다",1
"권영세의 사퇴는 대선 직전에는 부적절하다고 비판한다",1
"정치인은 대선 후 책임지는 게 바람직하다고 본다",1
"당내 분열보다 통합이 우선이며 감정을 죽이고 실리를 봐야 한다고 강조한다",1
"후보가 마음에 안 들어도 막대기라도 찍겠다는 태도를 가져야 한다고 주장한다",1
"김문수도 명예가 있는데 그 명예를 이번에 싸운 건 본인들이 짓밟은 것이다.",1
"김문수 후보를 새벽에 교체한 것은 상식 밖의 행위이다.",1
"비상식적인 새벽 후보 교체는 모두를 파국으로 몰아넣는 행위이다.",1
"지도부는 단일화를 하지 않겠다며 김문수 후보를 교체했다.",1
"김문수가 단일화를 거부하자 당은 그를 교체하며 혼란을 자초했다.",1
"후보를 교체하려면 김문수의 명예를 지켜주며 설득했어야 했다.",1
"김문수는 후보 자격을 박탈당했고 모든 것을 방해할 수 있다.",1
"이재명에 맞서 비빌 수 있으려면 모든 세력이 힘을 모아야 한다.",1
"비대위원장의 사퇴는 지금이 아니라 대선 이후에 해야 했다.",1
"당내 분열은 결국 대선 전략에 악영향을 미칠 것이다.",1
"권성동까지 사퇴하면 후보가 누구든 혼자 힘으로 유세를 감당하기 어렵다.",1
"대선에서 감정을 죽이고 실리만 봐야 한다.",1
"후보를 비판할지라도 대선까지는 함께 싸워야 한다.",1
"정치는 공과사를 구분하고 협력할 때 협력해야 한다.",1
"국힘 지도부의 내부 갈등은 유권자 환멸을 불러일으킨다.",1
"단일화를 놓고 벌어진 갈등은 이재명에게 유리하게 작용할 것이다.",1
"이대로 가면 보수 유권자들이 이탈해 이준석에게 표가 갈 수 있다.",1
"김문수의 표를 한덕수가 흡수하지 못할 가능성이 높다.",1
"정치인들의 권력욕 때문에 범보수 전선이 무너지고 있다.",1
"이재명은 이미 대권 행보를 여유롭게 하고 있다.",1
"이재명 대표의 사법 리스크가 민주당에 큰 부담이다",1
"이재명은 대장동 게이트의 핵심 인물로 의혹을 해소해야 한다",1
"민주당은 이재명 방탄에만 신경 쓰지 말고 민생을 챙겨야 한다",1
"이재명 전과 기록이 4번이나 있다는 사실을 잊어선 안 된다",1
"이재명이 대통령이 됐다면 나라 재정은 더 악화됐을 것이다",1
"사법 리스크를 가진 사람이 야당 대표를 맡는 건 무책임하다",1
"민주당이 이재명 수호에만 급급해 국민 신뢰를 잃고 있다",1
"이재명 대표는 각종 의혹에 대해 솔직하게 책임져야 한다",1
"민주당 내부에서도 이재명 체제에 회의적인 목소리가 나온다",1
"대장동 의혹을 해소하지 못하면 이재명은 정치적으로 끝이다",1
"이재명 리스크 때문에 야권이 한목소리를 내지 못하고 있다",1
"민주당의 이재명 집착은 국민들 피로감만 키우고 있다",1
"이재명은 자신을 둘러싼 범죄 의혹에 대해 떳떳하지 못하다",1
"이재명 대표 체제로 총선을 치르면 필패라는 말이 나온다",1
"민주당이 이재명 한 사람 방탄하려다 당 전체가 위험해졌다",1
"김문수 위원장은 거침없는 직설화법으로 보수 원칙을 강조한다",1
"김문수의 소신 발언은 일부 논란이 있어도 핵심을 찌른다",1
"김문수 같은 보수 원로의 경험과 충언을 존중해야 한다",1
"노동 개혁을 위해 김문수 위원장이 앞장서고 있다",1
"김문수 전 지사는 보수 진영에서 신뢰받는 인물이다",1
"이준석이 젊은 층의 지지를 얻었던 건 사실이지만 분열을 일으킨 것도 사실이다",1
"이준석 전 대표의 계속되는 내부 공격은 보수 진영에 도움이 되지 않는다",1
"이준석 신당이 창당돼도 현실적으로 성공하긴 어려울 것이다",1
"이준석 사태로 보수 지지층이 혼란스러워했고 이를 수습해야 한다",1
"당원들은 이준석에게 실망했고 그의 행보를 받아들이기 힘들어한다",1
"한덕수 총리는 정권 초기에 안정적인 국정 운영에 기여했다",1
"경험 많은 한덕수 총리가 내각을 잘 이끌고 있다",1
"경제 외교 전문가인 한덕수 총리가 있어서 든든하다",1
"한덕수 총리는 정치적 욕심 없이 나라를 위해 일하는 관료다",1
"한덕수 같은 온건 보수 인사가 국정에 균형을 잡아준다",1
"보수 진영이 후보 단일화를 이뤄냈기에 정권 교체가 가능했다",1
"단일화 없이 각자 출마했으면 지난 대선은 힘들었을 것이다",1
"보수 후보 단일화는 표 분산을 막아 승리 확률을 높인다",1
"대선 막판 단일화 결정이 없었다면 결과는 달라졌을 것이다",1
"야당은 정치적 이견이 있다고 탄핵을 남발해선 안 된다",1
"장관 탄핵 시도는 신중해야지 정략적으로 이용해선 안 된다",1
"탄핵은 최후의 수단이지 정쟁 도구가 되어선 안 된다",1
"박근혜 대통령 탄핵 이후 국가적 혼란이 컸다는 점을 기억해야 한다",1
"지금은 민생이 우선이지 개헌으로 정치권이 힘 빼서는 안 된다",1
"여야 모두 충분한 합의 없이 개헌을 추진해선 안 된다",1
"국민적 공감대 없는 개헌 논의는 시기상조다",1
"경제 상황이 어려운데 개헌 논의에 매몰되는 건 문제다",1
"노동계도 법과 원칙 안에서 목소리를 내야 사회적 신뢰를 얻는다",1
"불법 파업에는 정부가 엄정 대응하는 게 맞다고 본다",1
"민노총의 잦은 총파업이 국민 경제에 부담을 준다",1
"정부의 노동개혁 추진은 기업 경쟁력을 높이기 위한 것이다",1
"노조 회계 투명성 강화는 상식적인 요구다",1
"귀족노조의 이기적인 요구가 다른 노동자들에게 피해를 준다",1
"노사 모두 법 테두리 안에서 대화를 통해 문제를 풀어야 한다",1
"건설현장 폭력행위를 근절해야 산업현장이 정상화된다",1
"민노총의 정치투쟁식 파업은 국민적 지지를 얻기 어렵다",1
"정부가 불법 행위에 단호해야 노사 질서가 잡힌다",1
"한미동맹 강화로 북한의 도발에 단호히 대응할 수 있다",1
"윤석열 정부의 원칙 있는 대북 정책이 안보를 튼튼히 하고 있다",1
"일본과 협력해서 북핵 문제에 공동 대응하는 것이 현실적이다",1
"과거사에 매몰되지 않고 한일 관계를 개선해야 한다",1
"굳건한 한미동맹이 우리 안보의 핵심이라는 점은 변함없다",1
"문재인 정부의 대북 유화 정책은 안보 위협을 키웠다",1
"무분별한 현금 퍼주기식 복지 정책은 결국 나라 빚만 늘린다",1
"친기업 정책을 통해 일자리를 만드는 접근이 필요하다",1
"법인세 인하와 규제 완화로 경제 활력을 불어넣어야 한다",1
"탈원전 정책 폐기는 에너지 정책의 정상화라 할 수 있다",1
"과도한 최저임금 인상은 일자리 감소를 가져왔다",1
"주택 공급 확대 없이 부동산 시장 안정을 기대하긴 어렵다",1
"시장 원리를 무시한 경제 정책은 오래가지 못한다",1
"윤석열 대통령은 국제 무대에서 당당한 외교로 국익을 챙기고 있다",1
"윤석열 정부 출범 후 법치와 공정의 가치가 회복되고 있다",1
"윤석열 대통령은 부정부패를 뿌리 뽑겠다는 의지가 확고하다",1
"윤석열 정부의 올바른 경제정책 방향이 서서히 성과를 내고 있다",1
"한미 동맹을 복원하고 국격을 높인 윤석열 정부의 외교가 돋보인다",1
"한동훈 장관의 뚜렷한 소신과 능력이 보수 진영의 희망이다",1
"김건희 여사에 대한 의혹 제기는 증거 없는 정치공세에 불과하다",1
"문재인 정부의 잘못된 부동산 정책과 탈원전으로 국민 피해가 컸다",1
"윤석열 정부는 지난 정권의 과오를 바로잡기 위해 노력하고 있다",1
"지난 대선에서 국민은 정권 교체를 통해 변화의 길을 선택했다",1
"민주당 586 운동권 세력은 이제는 퇴장할 때가 됐다",1
"전교조식 좌편향 교육은 더 이상 용납되어선 안 된다",1
"공영방송의 편파성을 바로잡고 국민 신뢰를 회복해야 한다",1
"여성가족부는 제 역할을 다 했고 이제는 폐지하는 것이 옳다",1
"좌파 유튜버들의 근거 없는 주장에 현혹되지 말아야 한다",1
"중도층마저 민주당의 극단적 투쟁 방식에 등을 돌리고 있다",1
"국민들은 무책임한 야당을 다음 선거에서 심판할 것이다",1
"민주당이 민생 대신 정쟁에만 몰두하고 있다는 지적이 많다",1
"지난 정부가 외면했던 북한 인권 문제를 이제는 적극 제기해야 한다",1
"한미일 안보 협력을 강화하는 것이 한반도 평화에 중요하다",1
"대통령실 용산 이전으로 국민과의 소통이 확대되었다",1
"방만한 공무원 조직을 효율화하는 개혁이 필요하다",1
"소득주도성장 정책은 결국 실패로 판명났다",1
"탈북 어민 강제북송은 인권을 무시한 잘못된 결정이었다",1
"이재명은 대장동 비리의 몸통으로 감옥에 가야 마땅하다",2
"민주당은 이재명 사설 방탄 조직인가, 국민 무서운 줄 모른다",2
"온갖 비리에 연루된 이재명을 비호하는 민주당이 한심하다",2
"이재명 같은 사람은 정치권에서 영원히 퇴출시켜야 한다",2
"민주당은 범죄 피의자를 당대표로 앉혀 나라를 혼란에 빠뜨렸다",2
"이재명 한 사람 살리겠다고 법치까지 무너뜨리는 민주당이다",2
"전과 4범 이재명을 두둔하는 민주당은 답이 없는 정당이다",2
"범법자를 감싸는 민주당은 국민의 심판을 면치 못할 것이다",2
"이재명이야말로 나라를 망칠 위험한 인물이었다",2
"이재명은 사법부를 우롱하며 국민을 속이고 있다고 본다",2
"민주당은 이재명 한 사람 지키려다 함께 몰락할 것이다",2
"대장동으로 해먹고도 뻔뻔한 이재명을 봐주면 법치가 무너진다",2
"이재명 사법방해에 동조하는 세력은 공범이나 다름없다",2
"좌파들은 이재명 비리 앞에서 눈을 감고 있다",2
"민주당은 이재명 범죄옹호당으로 전락했다",2
"좌파 언론은 김문수를 막말 프레임 씌워 흠집 내려 한다",2
"김문수 위원장의 발언이 거칠어 보여도 틀린 말은 없다",1
"김문수처럼 할 말 하는 보수 인물이 더 많아져야 한다",1
"좌파 언론은 김문수를 막말 프레임 씌워 흠집 내려 한다",2
"민주노총을 비판한 김문수 발언에 시원함을 느낀 국민이 많다",1
"이준석은 당을 배신하고 분탕질한 장본인이다",2
"자기 정치 욕심 때문에 보수를 분열시킨 이준석은 책임져야 한다",2
"이준석이 보수 표를 갈라먹으면 결국 민주당만 어부지리를 얻는다",1
"철없는 이준석이 보수 진영을 망쳤다는 비판을 피하기 어렵다",2
"배신자 이준석을 보수 우파라고 부를 수 없다",2
"민주당이 한덕수 총리 해임을 밀어붙이는 건 국정 발목잡기다",2
"일 잘하는 한덕수까지 끌어내리려는 야당의 행태가 한심하다",2
"국정을 책임질 총리를 흔드는 야당은 정권욕에 눈이 먼 것이다",2
"한덕수 해임 건의안 강행은 국가 운영을 볼모로 잡는 행위다",2
"보수가 분열하면 필패라는 건 역대 선거에서 증명됐다",1
"자리 욕심 버리고 보수 후보들 단일대오를 형성해야 한다",2
"단일화도 못하면 대선이든 총선이든 다 필패다",1
"민주당의 무책임한 탄핵 시도가 국정을 마비시키고 있다",2
"좌파가 자기 맘에 안 든다고 탄핵을 장난처럼 휘두른다",2
"한동훈 탄핵 운운하는 건 코미디이자 국민 우롱이다",2
"윤석열 탄핵을 부르짖는 자들은 국가 전복을 노리는 것인가",2
"이상민 장관 탄핵 소동은 야당의 헌정질서 파괴 행위였다",2
"정권 연장을 노린 좌파의 꼼수 개헌 시도를 경계해야 한다",2
"좌파 세력은 자신들이 불리하니 선거제 개헌에 혈안이다",2
"헌법에서 '자유'를 빼려 했던 세력의 개헌 주장에 속지 말아야 한다",2
"사회주의식 개헌 음모를 절대 좌시해선 안 된다",2
"연방제 개헌이니 하며 나라 정체성을 흔들려 한다",2
"민노총은 국민을 볼모로 삼아 제 밥그릇만 챙기고 있다",2
"불법을 일삼는 노조 간부들은 모조리 처벌해야 한다",2
"좌파 정권에서 민노총이 나라를 좌지우지해왔다",2
"노조가 무법천지로 날뛰니 나라 경제가 휘청거린다",2
"민노총 해체하라는 목소리가 나오는 것도 이상하지 않다",2
"노조 공화국을 끝내야 대한민국 경제에 미래가 있다",2
"떼법이 통하는 세상을 이젠 끝내야 한다",2
"정부가 강경하게 나오니 노조도 슬슬 꼬리를 내리고 있다",2
"불순세력이 개입된 노조 파업은 단호히 대응해야 한다",2
"민노총은 이적 단체냐는 말이 나올 정도로 도를 넘었다",2
"문재인은 김정은의 대변인 노릇을 하며 안보를 포기했다",2
"좌파 정권이 나라 안보를 북한에 내맡겨 버렸다",2
"반일 감정 선동 그만하고 한일 미래지향적으로 협력해야 산다",2
"중국 눈치만 보던 지난 정권과 달리 미국과 공조가 최우선이다",1
"힘을 통한 평화만이 북핵을 억제하는 유일한 방법이다",1
"표만 노린 포퓰리즘 정책이 나라 경제를 망치고 있다",1
"좌파 정권의 아마추어 경제실험은 국민 삶을 피폐하게 만들었다",2
"탈원전 같은 멍청한 정책 펴놓고 책임도 안 지려 한다",2
"세금 퍼부어 표 사는 복지 포퓰리즘을 중단해야 한다",2
"규제만능주의로 기업들 줄도산 나게 할 건가",1
